Raw_file,Replicate,Amino_acid,PTM,Conversion_ratio
M4,0,E,Glu->pyro-Glu,1.0
M4,1,E,Glu->pyro-Glu,1.0
M4,2,E,Glu->pyro-Glu,1.0
M4,3,E,Glu->pyro-Glu,1.0
M4,4,E,Glu->pyro-Glu,1.0
M4,5,E,Glu->pyro-Glu,1.0
M4,6,E,Glu->pyro-Glu,1.0
M4,7,E,Glu->pyro-Glu,1.0
M4,8,E,Glu->pyro-Glu,1.0
M4,9,E,Glu->pyro-Glu,1.0
M4,10,E,Glu->pyro-Glu,1.0
M4,11,E,Glu->pyro-Glu,1.0
M4,12,E,Glu->pyro-Glu,1.0
M4,13,E,Glu->pyro-Glu,1.0
M4,14,E,Glu->pyro-Glu,1.0
M4,15,E,Glu->pyro-Glu,1.0
M4,16,E,Glu->pyro-Glu,1.0
M4,17,E,Glu->pyro-Glu,1.0
M4,18,E,Glu->pyro-Glu,1.0
M4,19,E,Glu->pyro-Glu,1.0
M4,20,E,Glu->pyro-Glu,1.0
M4,21,E,Glu->pyro-Glu,1.0
M4,22,E,Glu->pyro-Glu,1.0
M4,23,E,Glu->pyro-Glu,1.0
M4,24,E,Glu->pyro-Glu,1.0
M4,25,E,Glu->pyro-Glu,1.0
M4,26,E,Glu->pyro-Glu,1.0
M4,27,E,Glu->pyro-Glu,1.0
M4,28,E,Glu->pyro-Glu,1.0
M4,29,E,Glu->pyro-Glu,1.0
M4,30,E,Glu->pyro-Glu,1.0
M4,31,E,Glu->pyro-Glu,1.0
M4,32,E,Glu->pyro-Glu,1.0
M4,33,E,Glu->pyro-Glu,1.0
M4,34,E,Glu->pyro-Glu,1.0
M4,35,E,Glu->pyro-Glu,1.0
M4,36,E,Glu->pyro-Glu,1.0
M4,37,E,Glu->pyro-Glu,1.0
M4,38,E,Glu->pyro-Glu,1.0
M4,39,E,Glu->pyro-Glu,1.0
M4,40,E,Glu->pyro-Glu,1.0
M4,41,E,Glu->pyro-Glu,1.0
M4,42,E,Glu->pyro-Glu,1.0
M4,43,E,Glu->pyro-Glu,1.0
M4,44,E,Glu->pyro-Glu,1.0
M4,45,E,Glu->pyro-Glu,1.0
M4,46,E,Glu->pyro-Glu,1.0
M4,47,E,Glu->pyro-Glu,1.0
M4,48,E,Glu->pyro-Glu,1.0
M4,49,E,Glu->pyro-Glu,1.0
M4,50,E,Glu->pyro-Glu,1.0
M4,51,E,Glu->pyro-Glu,1.0
M4,52,E,Glu->pyro-Glu,1.0
M4,53,E,Glu->pyro-Glu,1.0
M4,54,E,Glu->pyro-Glu,1.0
M4,55,E,Glu->pyro-Glu,1.0
M4,56,E,Glu->pyro-Glu,1.0
M4,57,E,Glu->pyro-Glu,1.0
M4,58,E,Glu->pyro-Glu,1.0
M4,59,E,Glu->pyro-Glu,1.0
M4,60,E,Glu->pyro-Glu,1.0
M4,61,E,Glu->pyro-Glu,1.0
M4,62,E,Glu->pyro-Glu,1.0
M4,63,E,Glu->pyro-Glu,1.0
M4,64,E,Glu->pyro-Glu,1.0
M4,65,E,Glu->pyro-Glu,1.0
M4,66,E,Glu->pyro-Glu,1.0
M4,67,E,Glu->pyro-Glu,1.0
M4,68,E,Glu->pyro-Glu,1.0
M4,69,E,Glu->pyro-Glu,1.0
M4,70,E,Glu->pyro-Glu,1.0
M4,71,E,Glu->pyro-Glu,1.0
M4,72,E,Glu->pyro-Glu,1.0
M4,73,E,Glu->pyro-Glu,1.0
M4,74,E,Glu->pyro-Glu,1.0
M4,75,E,Glu->pyro-Glu,1.0
M4,76,E,Glu->pyro-Glu,1.0
M4,77,E,Glu->pyro-Glu,1.0
M4,78,E,Glu->pyro-Glu,1.0
M4,79,E,Glu->pyro-Glu,1.0
M4,80,E,Glu->pyro-Glu,1.0
M4,81,E,Glu->pyro-Glu,1.0
M4,82,E,Glu->pyro-Glu,1.0
M4,83,E,Glu->pyro-Glu,1.0
M4,84,E,Glu->pyro-Glu,1.0
M4,85,E,Glu->pyro-Glu,1.0
M4,86,E,Glu->pyro-Glu,1.0
M4,87,E,Glu->pyro-Glu,1.0
M4,88,E,Glu->pyro-Glu,1.0
M4,89,E,Glu->pyro-Glu,1.0
M4,90,E,Glu->pyro-Glu,1.0
M4,91,E,Glu->pyro-Glu,1.0
M4,92,E,Glu->pyro-Glu,1.0
M4,93,E,Glu->pyro-Glu,1.0
M4,94,E,Glu->pyro-Glu,1.0
M4,95,E,Glu->pyro-Glu,1.0
M4,96,E,Glu->pyro-Glu,1.0
M4,97,E,Glu->pyro-Glu,1.0
M4,98,E,Glu->pyro-Glu,1.0
M4,99,E,Glu->pyro-Glu,1.0
M4,100,E,Glu->pyro-Glu,1.0
M4,101,E,Glu->pyro-Glu,1.0
M4,102,E,Glu->pyro-Glu,1.0
M4,103,E,Glu->pyro-Glu,1.0
M4,104,E,Glu->pyro-Glu,1.0
M4,105,E,Glu->pyro-Glu,1.0
M4,106,E,Glu->pyro-Glu,1.0
M4,107,E,Glu->pyro-Glu,1.0
M4,108,E,Glu->pyro-Glu,1.0
M4,109,E,Glu->pyro-Glu,1.0
M4,110,E,Glu->pyro-Glu,1.0
M4,111,E,Glu->pyro-Glu,1.0
M4,112,E,Glu->pyro-Glu,1.0
M4,113,E,Glu->pyro-Glu,1.0
M4,114,E,Glu->pyro-Glu,1.0
M4,115,E,Glu->pyro-Glu,1.0
M4,116,E,Glu->pyro-Glu,1.0
M4,117,E,Glu->pyro-Glu,1.0
M4,118,E,Glu->pyro-Glu,1.0
M4,119,E,Glu->pyro-Glu,1.0
M4,120,E,Glu->pyro-Glu,1.0
M4,121,E,Glu->pyro-Glu,1.0
M4,122,E,Glu->pyro-Glu,1.0
M4,123,E,Glu->pyro-Glu,1.0
M4,124,E,Glu->pyro-Glu,1.0
M4,125,E,Glu->pyro-Glu,1.0
M4,126,E,Glu->pyro-Glu,1.0
M4,127,E,Glu->pyro-Glu,1.0
M4,128,E,Glu->pyro-Glu,1.0
M4,129,E,Glu->pyro-Glu,1.0
M4,130,E,Glu->pyro-Glu,1.0
M4,131,E,Glu->pyro-Glu,1.0
M4,132,E,Glu->pyro-Glu,1.0
M4,133,E,Glu->pyro-Glu,1.0
M4,134,E,Glu->pyro-Glu,1.0
M4,135,E,Glu->pyro-Glu,1.0
M4,136,E,Glu->pyro-Glu,1.0
M4,137,E,Glu->pyro-Glu,1.0
M4,138,E,Glu->pyro-Glu,1.0
M4,139,E,Glu->pyro-Glu,1.0
M4,140,E,Glu->pyro-Glu,1.0
M4,141,E,Glu->pyro-Glu,1.0
M4,142,E,Glu->pyro-Glu,1.0
M4,143,E,Glu->pyro-Glu,1.0
M4,144,E,Glu->pyro-Glu,1.0
M4,145,E,Glu->pyro-Glu,1.0
M4,146,E,Glu->pyro-Glu,1.0
M4,147,E,Glu->pyro-Glu,1.0
M4,148,E,Glu->pyro-Glu,1.0
M4,149,E,Glu->pyro-Glu,1.0
M4,150,E,Glu->pyro-Glu,1.0
M4,151,E,Glu->pyro-Glu,1.0
M4,152,E,Glu->pyro-Glu,1.0
M4,153,E,Glu->pyro-Glu,1.0
M4,154,E,Glu->pyro-Glu,1.0
M4,155,E,Glu->pyro-Glu,1.0
M4,156,E,Glu->pyro-Glu,1.0
M4,157,E,Glu->pyro-Glu,1.0
M4,158,E,Glu->pyro-Glu,1.0
M4,159,E,Glu->pyro-Glu,1.0
M4,160,E,Glu->pyro-Glu,1.0
M4,161,E,Glu->pyro-Glu,1.0
M4,162,E,Glu->pyro-Glu,1.0
M4,163,E,Glu->pyro-Glu,1.0
M4,164,E,Glu->pyro-Glu,1.0
M4,165,E,Glu->pyro-Glu,1.0
M4,166,E,Glu->pyro-Glu,1.0
M4,167,E,Glu->pyro-Glu,1.0
M4,168,E,Glu->pyro-Glu,1.0
M4,169,E,Glu->pyro-Glu,1.0
M4,170,E,Glu->pyro-Glu,1.0
M4,171,E,Glu->pyro-Glu,1.0
M4,172,E,Glu->pyro-Glu,1.0
M4,173,E,Glu->pyro-Glu,1.0
M4,174,E,Glu->pyro-Glu,1.0
M4,175,E,Glu->pyro-Glu,1.0
M4,176,E,Glu->pyro-Glu,1.0
M4,177,E,Glu->pyro-Glu,1.0
M4,178,E,Glu->pyro-Glu,1.0
M4,179,E,Glu->pyro-Glu,1.0
M4,180,E,Glu->pyro-Glu,1.0
M4,181,E,Glu->pyro-Glu,1.0
M4,182,E,Glu->pyro-Glu,1.0
M4,183,E,Glu->pyro-Glu,1.0
M4,184,E,Glu->pyro-Glu,1.0
M4,185,E,Glu->pyro-Glu,1.0
M4,186,E,Glu->pyro-Glu,1.0
M4,187,E,Glu->pyro-Glu,1.0
M4,188,E,Glu->pyro-Glu,1.0
M4,189,E,Glu->pyro-Glu,1.0
M4,190,E,Glu->pyro-Glu,1.0
M4,191,E,Glu->pyro-Glu,1.0
M4,192,E,Glu->pyro-Glu,1.0
M4,193,E,Glu->pyro-Glu,1.0
M4,194,E,Glu->pyro-Glu,1.0
M4,195,E,Glu->pyro-Glu,1.0
M4,196,E,Glu->pyro-Glu,1.0
M4,197,E,Glu->pyro-Glu,1.0
M4,198,E,Glu->pyro-Glu,1.0
M4,199,E,Glu->pyro-Glu,1.0
M4,200,E,Glu->pyro-Glu,1.0
M4,201,E,Glu->pyro-Glu,1.0
M4,202,E,Glu->pyro-Glu,1.0
M4,203,E,Glu->pyro-Glu,1.0
M4,204,E,Glu->pyro-Glu,1.0
M4,205,E,Glu->pyro-Glu,1.0
M4,206,E,Glu->pyro-Glu,1.0
M4,207,E,Glu->pyro-Glu,1.0
M4,208,E,Glu->pyro-Glu,1.0
M4,209,E,Glu->pyro-Glu,1.0
M4,210,E,Glu->pyro-Glu,1.0
M4,211,E,Glu->pyro-Glu,1.0
M4,212,E,Glu->pyro-Glu,1.0
M4,213,E,Glu->pyro-Glu,1.0
M4,214,E,Glu->pyro-Glu,1.0
M4,215,E,Glu->pyro-Glu,1.0
M4,216,E,Glu->pyro-Glu,1.0
M4,217,E,Glu->pyro-Glu,1.0
M4,218,E,Glu->pyro-Glu,1.0
M4,219,E,Glu->pyro-Glu,1.0
M4,220,E,Glu->pyro-Glu,1.0
M4,221,E,Glu->pyro-Glu,1.0
M4,222,E,Glu->pyro-Glu,1.0
M4,223,E,Glu->pyro-Glu,1.0
M4,224,E,Glu->pyro-Glu,1.0
M4,225,E,Glu->pyro-Glu,1.0
M4,226,E,Glu->pyro-Glu,1.0
M4,227,E,Glu->pyro-Glu,1.0
M4,228,E,Glu->pyro-Glu,1.0
M4,229,E,Glu->pyro-Glu,1.0
M4,230,E,Glu->pyro-Glu,1.0
M4,231,E,Glu->pyro-Glu,1.0
M4,232,E,Glu->pyro-Glu,1.0
M4,233,E,Glu->pyro-Glu,1.0
M4,234,E,Glu->pyro-Glu,1.0
M4,235,E,Glu->pyro-Glu,1.0
M4,236,E,Glu->pyro-Glu,1.0
M4,237,E,Glu->pyro-Glu,1.0
M4,238,E,Glu->pyro-Glu,1.0
M4,239,E,Glu->pyro-Glu,1.0
M4,240,E,Glu->pyro-Glu,1.0
M4,241,E,Glu->pyro-Glu,1.0
M4,242,E,Glu->pyro-Glu,1.0
M4,243,E,Glu->pyro-Glu,1.0
M4,244,E,Glu->pyro-Glu,1.0
M4,245,E,Glu->pyro-Glu,1.0
M4,246,E,Glu->pyro-Glu,1.0
M4,247,E,Glu->pyro-Glu,1.0
M4,248,E,Glu->pyro-Glu,1.0
M4,249,E,Glu->pyro-Glu,1.0
M4,250,E,Glu->pyro-Glu,1.0
M4,251,E,Glu->pyro-Glu,1.0
M4,252,E,Glu->pyro-Glu,1.0
M4,253,E,Glu->pyro-Glu,1.0
M4,254,E,Glu->pyro-Glu,1.0
M4,255,E,Glu->pyro-Glu,1.0
M4,256,E,Glu->pyro-Glu,1.0
M4,257,E,Glu->pyro-Glu,1.0
M4,258,E,Glu->pyro-Glu,1.0
M4,259,E,Glu->pyro-Glu,1.0
M4,260,E,Glu->pyro-Glu,1.0
M4,261,E,Glu->pyro-Glu,1.0
M4,262,E,Glu->pyro-Glu,1.0
M4,263,E,Glu->pyro-Glu,1.0
M4,264,E,Glu->pyro-Glu,1.0
M4,265,E,Glu->pyro-Glu,1.0
M4,266,E,Glu->pyro-Glu,1.0
M4,267,E,Glu->pyro-Glu,1.0
M4,268,E,Glu->pyro-Glu,1.0
M4,269,E,Glu->pyro-Glu,1.0
M4,270,E,Glu->pyro-Glu,1.0
M4,271,E,Glu->pyro-Glu,1.0
M4,272,E,Glu->pyro-Glu,1.0
M4,273,E,Glu->pyro-Glu,1.0
M4,274,E,Glu->pyro-Glu,1.0
M4,275,E,Glu->pyro-Glu,1.0
M4,276,E,Glu->pyro-Glu,1.0
M4,277,E,Glu->pyro-Glu,1.0
M4,278,E,Glu->pyro-Glu,1.0
M4,279,E,Glu->pyro-Glu,1.0
M4,280,E,Glu->pyro-Glu,1.0
M4,281,E,Glu->pyro-Glu,1.0
M4,282,E,Glu->pyro-Glu,1.0
M4,283,E,Glu->pyro-Glu,1.0
M4,284,E,Glu->pyro-Glu,1.0
M4,285,E,Glu->pyro-Glu,1.0
M4,286,E,Glu->pyro-Glu,1.0
M4,287,E,Glu->pyro-Glu,1.0
M4,288,E,Glu->pyro-Glu,1.0
M4,289,E,Glu->pyro-Glu,1.0
M4,290,E,Glu->pyro-Glu,1.0
M4,291,E,Glu->pyro-Glu,1.0
M4,292,E,Glu->pyro-Glu,1.0
M4,293,E,Glu->pyro-Glu,1.0
M4,294,E,Glu->pyro-Glu,1.0
M4,295,E,Glu->pyro-Glu,1.0
M4,296,E,Glu->pyro-Glu,1.0
M4,297,E,Glu->pyro-Glu,1.0
M4,298,E,Glu->pyro-Glu,1.0
M4,299,E,Glu->pyro-Glu,1.0
M4,300,E,Glu->pyro-Glu,1.0
M4,301,E,Glu->pyro-Glu,1.0
M4,302,E,Glu->pyro-Glu,1.0
M4,303,E,Glu->pyro-Glu,1.0
M4,304,E,Glu->pyro-Glu,1.0
M4,305,E,Glu->pyro-Glu,1.0
M4,306,E,Glu->pyro-Glu,1.0
M4,307,E,Glu->pyro-Glu,1.0
M4,308,E,Glu->pyro-Glu,1.0
M4,309,E,Glu->pyro-Glu,1.0
M4,310,E,Glu->pyro-Glu,1.0
M4,311,E,Glu->pyro-Glu,1.0
M4,312,E,Glu->pyro-Glu,1.0
M4,313,E,Glu->pyro-Glu,1.0
M4,314,E,Glu->pyro-Glu,1.0
M4,315,E,Glu->pyro-Glu,1.0
M4,316,E,Glu->pyro-Glu,1.0
M4,317,E,Glu->pyro-Glu,1.0
M4,318,E,Glu->pyro-Glu,1.0
M4,319,E,Glu->pyro-Glu,1.0
M4,320,E,Glu->pyro-Glu,1.0
M4,321,E,Glu->pyro-Glu,1.0
M4,322,E,Glu->pyro-Glu,1.0
M4,323,E,Glu->pyro-Glu,1.0
M4,324,E,Glu->pyro-Glu,1.0
M4,325,E,Glu->pyro-Glu,1.0
M4,326,E,Glu->pyro-Glu,1.0
M4,327,E,Glu->pyro-Glu,1.0
M4,328,E,Glu->pyro-Glu,1.0
M4,329,E,Glu->pyro-Glu,1.0
M4,330,E,Glu->pyro-Glu,1.0
M4,331,E,Glu->pyro-Glu,1.0
M4,332,E,Glu->pyro-Glu,1.0
M4,333,E,Glu->pyro-Glu,1.0
M4,334,E,Glu->pyro-Glu,1.0
M4,335,E,Glu->pyro-Glu,1.0
M4,336,E,Glu->pyro-Glu,1.0
M4,337,E,Glu->pyro-Glu,1.0
M4,338,E,Glu->pyro-Glu,1.0
M4,339,E,Glu->pyro-Glu,1.0
M4,340,E,Glu->pyro-Glu,1.0
M4,341,E,Glu->pyro-Glu,1.0
M4,342,E,Glu->pyro-Glu,1.0
M4,343,E,Glu->pyro-Glu,1.0
M4,344,E,Glu->pyro-Glu,1.0
M4,345,E,Glu->pyro-Glu,1.0
M4,346,E,Glu->pyro-Glu,1.0
M4,347,E,Glu->pyro-Glu,1.0
M4,348,E,Glu->pyro-Glu,1.0
M4,349,E,Glu->pyro-Glu,1.0
M4,350,E,Glu->pyro-Glu,1.0
M4,351,E,Glu->pyro-Glu,1.0
M4,352,E,Glu->pyro-Glu,1.0
M4,353,E,Glu->pyro-Glu,1.0
M4,354,E,Glu->pyro-Glu,1.0
M4,355,E,Glu->pyro-Glu,1.0
M4,356,E,Glu->pyro-Glu,1.0
M4,357,E,Glu->pyro-Glu,1.0
M4,358,E,Glu->pyro-Glu,1.0
M4,359,E,Glu->pyro-Glu,1.0
M4,360,E,Glu->pyro-Glu,1.0
M4,361,E,Glu->pyro-Glu,1.0
M4,362,E,Glu->pyro-Glu,1.0
M4,363,E,Glu->pyro-Glu,1.0
M4,364,E,Glu->pyro-Glu,1.0
M4,365,E,Glu->pyro-Glu,1.0
M4,366,E,Glu->pyro-Glu,1.0
M4,367,E,Glu->pyro-Glu,1.0
M4,368,E,Glu->pyro-Glu,1.0
M4,369,E,Glu->pyro-Glu,1.0
M4,370,E,Glu->pyro-Glu,1.0
M4,371,E,Glu->pyro-Glu,1.0
M4,372,E,Glu->pyro-Glu,1.0
M4,373,E,Glu->pyro-Glu,1.0
M4,374,E,Glu->pyro-Glu,1.0
M4,375,E,Glu->pyro-Glu,1.0
M4,376,E,Glu->pyro-Glu,1.0
M4,377,E,Glu->pyro-Glu,1.0
M4,378,E,Glu->pyro-Glu,1.0
M4,379,E,Glu->pyro-Glu,1.0
M4,380,E,Glu->pyro-Glu,1.0
M4,381,E,Glu->pyro-Glu,1.0
M4,382,E,Glu->pyro-Glu,1.0
M4,383,E,Glu->pyro-Glu,1.0
M4,384,E,Glu->pyro-Glu,1.0
M4,385,E,Glu->pyro-Glu,1.0
M4,386,E,Glu->pyro-Glu,1.0
M4,387,E,Glu->pyro-Glu,1.0
M4,388,E,Glu->pyro-Glu,1.0
M4,389,E,Glu->pyro-Glu,1.0
M4,390,E,Glu->pyro-Glu,1.0
M4,391,E,Glu->pyro-Glu,1.0
M4,392,E,Glu->pyro-Glu,1.0
M4,393,E,Glu->pyro-Glu,1.0
M4,394,E,Glu->pyro-Glu,1.0
M4,395,E,Glu->pyro-Glu,1.0
M4,396,E,Glu->pyro-Glu,1.0
M4,397,E,Glu->pyro-Glu,1.0
M4,398,E,Glu->pyro-Glu,1.0
M4,399,E,Glu->pyro-Glu,1.0
M4,400,E,Glu->pyro-Glu,1.0
M4,401,E,Glu->pyro-Glu,1.0
M4,402,E,Glu->pyro-Glu,1.0
M4,403,E,Glu->pyro-Glu,1.0
M4,404,E,Glu->pyro-Glu,1.0
M4,405,E,Glu->pyro-Glu,1.0
M4,406,E,Glu->pyro-Glu,1.0
M4,407,E,Glu->pyro-Glu,1.0
M4,408,E,Glu->pyro-Glu,1.0
M4,409,E,Glu->pyro-Glu,1.0
M4,410,E,Glu->pyro-Glu,1.0
M4,411,E,Glu->pyro-Glu,1.0
M4,412,E,Glu->pyro-Glu,1.0
M4,413,E,Glu->pyro-Glu,1.0
M4,414,E,Glu->pyro-Glu,1.0
M4,415,E,Glu->pyro-Glu,1.0
M4,416,E,Glu->pyro-Glu,1.0
M4,417,E,Glu->pyro-Glu,1.0
M4,418,E,Glu->pyro-Glu,1.0
M4,419,E,Glu->pyro-Glu,1.0
M4,420,E,Glu->pyro-Glu,1.0
M4,421,E,Glu->pyro-Glu,1.0
M4,422,E,Glu->pyro-Glu,1.0
M4,423,E,Glu->pyro-Glu,1.0
M4,424,E,Glu->pyro-Glu,1.0
M4,425,E,Glu->pyro-Glu,1.0
M4,426,E,Glu->pyro-Glu,1.0
M4,427,E,Glu->pyro-Glu,1.0
M4,428,E,Glu->pyro-Glu,1.0
M4,429,E,Glu->pyro-Glu,1.0
M4,430,E,Glu->pyro-Glu,1.0
M4,431,E,Glu->pyro-Glu,1.0
M4,432,E,Glu->pyro-Glu,1.0
M4,433,E,Glu->pyro-Glu,1.0
M4,434,E,Glu->pyro-Glu,1.0
M4,435,E,Glu->pyro-Glu,1.0
M4,436,E,Glu->pyro-Glu,1.0
M4,437,E,Glu->pyro-Glu,1.0
M4,438,E,Glu->pyro-Glu,1.0
M4,439,E,Glu->pyro-Glu,1.0
M4,440,E,Glu->pyro-Glu,1.0
M4,441,E,Glu->pyro-Glu,1.0
M4,442,E,Glu->pyro-Glu,1.0
M4,443,E,Glu->pyro-Glu,1.0
M4,444,E,Glu->pyro-Glu,1.0
M4,445,E,Glu->pyro-Glu,1.0
M4,446,E,Glu->pyro-Glu,1.0
M4,447,E,Glu->pyro-Glu,1.0
M4,448,E,Glu->pyro-Glu,1.0
M4,449,E,Glu->pyro-Glu,1.0
M4,450,E,Glu->pyro-Glu,1.0
M4,451,E,Glu->pyro-Glu,1.0
M4,452,E,Glu->pyro-Glu,1.0
M4,453,E,Glu->pyro-Glu,1.0
M4,454,E,Glu->pyro-Glu,1.0
M4,455,E,Glu->pyro-Glu,1.0
M4,456,E,Glu->pyro-Glu,1.0
M4,457,E,Glu->pyro-Glu,1.0
M4,458,E,Glu->pyro-Glu,1.0
M4,459,E,Glu->pyro-Glu,1.0
M4,460,E,Glu->pyro-Glu,1.0
M4,461,E,Glu->pyro-Glu,1.0
M4,462,E,Glu->pyro-Glu,1.0
M4,463,E,Glu->pyro-Glu,1.0
M4,464,E,Glu->pyro-Glu,1.0
M4,465,E,Glu->pyro-Glu,1.0
M4,466,E,Glu->pyro-Glu,1.0
M4,467,E,Glu->pyro-Glu,1.0
M4,468,E,Glu->pyro-Glu,1.0
M4,469,E,Glu->pyro-Glu,1.0
M4,470,E,Glu->pyro-Glu,1.0
M4,471,E,Glu->pyro-Glu,1.0
M4,472,E,Glu->pyro-Glu,1.0
M4,473,E,Glu->pyro-Glu,1.0
M4,474,E,Glu->pyro-Glu,1.0
M4,475,E,Glu->pyro-Glu,1.0
M4,476,E,Glu->pyro-Glu,1.0
M4,477,E,Glu->pyro-Glu,1.0
M4,478,E,Glu->pyro-Glu,1.0
M4,479,E,Glu->pyro-Glu,1.0
M4,480,E,Glu->pyro-Glu,1.0
M4,481,E,Glu->pyro-Glu,1.0
M4,482,E,Glu->pyro-Glu,1.0
M4,483,E,Glu->pyro-Glu,1.0
M4,484,E,Glu->pyro-Glu,1.0
M4,485,E,Glu->pyro-Glu,1.0
M4,486,E,Glu->pyro-Glu,1.0
M4,487,E,Glu->pyro-Glu,1.0
M4,488,E,Glu->pyro-Glu,1.0
M4,489,E,Glu->pyro-Glu,1.0
M4,490,E,Glu->pyro-Glu,1.0
M4,491,E,Glu->pyro-Glu,1.0
M4,492,E,Glu->pyro-Glu,1.0
M4,493,E,Glu->pyro-Glu,1.0
M4,494,E,Glu->pyro-Glu,1.0
M4,495,E,Glu->pyro-Glu,1.0
M4,496,E,Glu->pyro-Glu,1.0
M4,497,E,Glu->pyro-Glu,1.0
M4,498,E,Glu->pyro-Glu,1.0
M4,499,E,Glu->pyro-Glu,1.0
M4,500,E,Glu->pyro-Glu,1.0
M4,501,E,Glu->pyro-Glu,1.0
M4,502,E,Glu->pyro-Glu,1.0
M4,503,E,Glu->pyro-Glu,1.0
M4,504,E,Glu->pyro-Glu,1.0
M4,505,E,Glu->pyro-Glu,1.0
M4,506,E,Glu->pyro-Glu,1.0
M4,507,E,Glu->pyro-Glu,1.0
M4,508,E,Glu->pyro-Glu,1.0
M4,509,E,Glu->pyro-Glu,1.0
M4,510,E,Glu->pyro-Glu,1.0
M4,511,E,Glu->pyro-Glu,1.0
M4,512,E,Glu->pyro-Glu,1.0
M4,513,E,Glu->pyro-Glu,1.0
M4,514,E,Glu->pyro-Glu,1.0
M4,515,E,Glu->pyro-Glu,1.0
M4,516,E,Glu->pyro-Glu,1.0
M4,517,E,Glu->pyro-Glu,1.0
M4,518,E,Glu->pyro-Glu,1.0
M4,519,E,Glu->pyro-Glu,1.0
M4,520,E,Glu->pyro-Glu,1.0
M4,521,E,Glu->pyro-Glu,1.0
M4,522,E,Glu->pyro-Glu,1.0
M4,523,E,Glu->pyro-Glu,1.0
M4,524,E,Glu->pyro-Glu,1.0
M4,525,E,Glu->pyro-Glu,1.0
M4,526,E,Glu->pyro-Glu,1.0
M4,527,E,Glu->pyro-Glu,1.0
M4,528,E,Glu->pyro-Glu,1.0
M4,529,E,Glu->pyro-Glu,1.0
M4,530,E,Glu->pyro-Glu,1.0
M4,531,E,Glu->pyro-Glu,1.0
M4,532,E,Glu->pyro-Glu,1.0
M4,533,E,Glu->pyro-Glu,1.0
M4,534,E,Glu->pyro-Glu,1.0
M4,535,E,Glu->pyro-Glu,1.0
M4,536,E,Glu->pyro-Glu,1.0
M4,537,E,Glu->pyro-Glu,1.0
M4,538,E,Glu->pyro-Glu,1.0
M4,539,E,Glu->pyro-Glu,1.0
M4,540,E,Glu->pyro-Glu,1.0
M4,541,E,Glu->pyro-Glu,1.0
M4,542,E,Glu->pyro-Glu,1.0
M4,543,E,Glu->pyro-Glu,1.0
M4,544,E,Glu->pyro-Glu,1.0
M4,545,E,Glu->pyro-Glu,1.0
M4,546,E,Glu->pyro-Glu,1.0
M4,547,E,Glu->pyro-Glu,1.0
M4,548,E,Glu->pyro-Glu,1.0
M4,549,E,Glu->pyro-Glu,1.0
M4,550,E,Glu->pyro-Glu,1.0
M4,551,E,Glu->pyro-Glu,1.0
M4,552,E,Glu->pyro-Glu,1.0
M4,553,E,Glu->pyro-Glu,1.0
M4,554,E,Glu->pyro-Glu,1.0
M4,555,E,Glu->pyro-Glu,1.0
M4,556,E,Glu->pyro-Glu,1.0
M4,557,E,Glu->pyro-Glu,1.0
M4,558,E,Glu->pyro-Glu,1.0
M4,559,E,Glu->pyro-Glu,1.0
M4,560,E,Glu->pyro-Glu,1.0
M4,561,E,Glu->pyro-Glu,1.0
M4,562,E,Glu->pyro-Glu,1.0
M4,563,E,Glu->pyro-Glu,1.0
M4,564,E,Glu->pyro-Glu,1.0
M4,565,E,Glu->pyro-Glu,1.0
M4,566,E,Glu->pyro-Glu,1.0
M4,567,E,Glu->pyro-Glu,1.0
M4,568,E,Glu->pyro-Glu,1.0
M4,569,E,Glu->pyro-Glu,1.0
M4,570,E,Glu->pyro-Glu,1.0
M4,571,E,Glu->pyro-Glu,1.0
M4,572,E,Glu->pyro-Glu,1.0
M4,573,E,Glu->pyro-Glu,1.0
M4,574,E,Glu->pyro-Glu,1.0
M4,575,E,Glu->pyro-Glu,1.0
M4,576,E,Glu->pyro-Glu,1.0
M4,577,E,Glu->pyro-Glu,1.0
M4,578,E,Glu->pyro-Glu,1.0
M4,579,E,Glu->pyro-Glu,1.0
M4,580,E,Glu->pyro-Glu,1.0
M4,581,E,Glu->pyro-Glu,1.0
M4,582,E,Glu->pyro-Glu,1.0
M4,583,E,Glu->pyro-Glu,1.0
M4,584,E,Glu->pyro-Glu,1.0
M4,585,E,Glu->pyro-Glu,1.0
M4,586,E,Glu->pyro-Glu,1.0
M4,587,E,Glu->pyro-Glu,1.0
M4,588,E,Glu->pyro-Glu,1.0
M4,589,E,Glu->pyro-Glu,1.0
M4,590,E,Glu->pyro-Glu,1.0
M4,591,E,Glu->pyro-Glu,1.0
M4,592,E,Glu->pyro-Glu,1.0
M4,593,E,Glu->pyro-Glu,1.0
M4,594,E,Glu->pyro-Glu,1.0
M4,595,E,Glu->pyro-Glu,1.0
M4,596,E,Glu->pyro-Glu,1.0
M4,597,E,Glu->pyro-Glu,1.0
M4,598,E,Glu->pyro-Glu,1.0
M4,599,E,Glu->pyro-Glu,1.0
M4,600,E,Glu->pyro-Glu,1.0
M4,601,E,Glu->pyro-Glu,1.0
M4,602,E,Glu->pyro-Glu,1.0
M4,603,E,Glu->pyro-Glu,1.0
M4,604,E,Glu->pyro-Glu,1.0
M4,605,E,Glu->pyro-Glu,1.0
M4,606,E,Glu->pyro-Glu,1.0
M4,607,E,Glu->pyro-Glu,1.0
M4,608,E,Glu->pyro-Glu,1.0
M4,609,E,Glu->pyro-Glu,1.0
M4,610,E,Glu->pyro-Glu,1.0
M4,611,E,Glu->pyro-Glu,1.0
M4,612,E,Glu->pyro-Glu,1.0
M4,613,E,Glu->pyro-Glu,1.0
M4,614,E,Glu->pyro-Glu,1.0
M4,615,E,Glu->pyro-Glu,1.0
M4,616,E,Glu->pyro-Glu,1.0
M4,617,E,Glu->pyro-Glu,1.0
M4,618,E,Glu->pyro-Glu,1.0
M4,619,E,Glu->pyro-Glu,1.0
M4,620,E,Glu->pyro-Glu,1.0
M4,621,E,Glu->pyro-Glu,1.0
M4,622,E,Glu->pyro-Glu,1.0
M4,623,E,Glu->pyro-Glu,1.0
M4,624,E,Glu->pyro-Glu,1.0
M4,625,E,Glu->pyro-Glu,1.0
M4,626,E,Glu->pyro-Glu,1.0
M4,627,E,Glu->pyro-Glu,1.0
M4,628,E,Glu->pyro-Glu,1.0
M4,629,E,Glu->pyro-Glu,1.0
M4,630,E,Glu->pyro-Glu,1.0
M4,631,E,Glu->pyro-Glu,1.0
M4,632,E,Glu->pyro-Glu,1.0
M4,633,E,Glu->pyro-Glu,1.0
M4,634,E,Glu->pyro-Glu,1.0
M4,635,E,Glu->pyro-Glu,1.0
M4,636,E,Glu->pyro-Glu,1.0
M4,637,E,Glu->pyro-Glu,1.0
M4,638,E,Glu->pyro-Glu,1.0
M4,639,E,Glu->pyro-Glu,1.0
M4,640,E,Glu->pyro-Glu,1.0
M4,641,E,Glu->pyro-Glu,1.0
M4,642,E,Glu->pyro-Glu,1.0
M4,643,E,Glu->pyro-Glu,1.0
M4,644,E,Glu->pyro-Glu,1.0
M4,645,E,Glu->pyro-Glu,1.0
M4,646,E,Glu->pyro-Glu,1.0
M4,647,E,Glu->pyro-Glu,1.0
M4,648,E,Glu->pyro-Glu,1.0
M4,649,E,Glu->pyro-Glu,1.0
M4,650,E,Glu->pyro-Glu,1.0
M4,651,E,Glu->pyro-Glu,1.0
M4,652,E,Glu->pyro-Glu,1.0
M4,653,E,Glu->pyro-Glu,1.0
M4,654,E,Glu->pyro-Glu,1.0
M4,655,E,Glu->pyro-Glu,1.0
M4,656,E,Glu->pyro-Glu,1.0
M4,657,E,Glu->pyro-Glu,1.0
M4,658,E,Glu->pyro-Glu,1.0
M4,659,E,Glu->pyro-Glu,1.0
M4,660,E,Glu->pyro-Glu,1.0
M4,661,E,Glu->pyro-Glu,1.0
M4,662,E,Glu->pyro-Glu,1.0
M4,663,E,Glu->pyro-Glu,1.0
M4,664,E,Glu->pyro-Glu,1.0
M4,665,E,Glu->pyro-Glu,1.0
M4,666,E,Glu->pyro-Glu,1.0
M4,667,E,Glu->pyro-Glu,1.0
M4,668,E,Glu->pyro-Glu,1.0
M4,669,E,Glu->pyro-Glu,1.0
M4,670,E,Glu->pyro-Glu,1.0
M4,671,E,Glu->pyro-Glu,1.0
M4,672,E,Glu->pyro-Glu,1.0
M4,673,E,Glu->pyro-Glu,1.0
M4,674,E,Glu->pyro-Glu,1.0
M4,675,E,Glu->pyro-Glu,1.0
M4,676,E,Glu->pyro-Glu,1.0
M4,677,E,Glu->pyro-Glu,1.0
M4,678,E,Glu->pyro-Glu,1.0
M4,679,E,Glu->pyro-Glu,1.0
M4,680,E,Glu->pyro-Glu,1.0
M4,681,E,Glu->pyro-Glu,1.0
M4,682,E,Glu->pyro-Glu,1.0
M4,683,E,Glu->pyro-Glu,1.0
M4,684,E,Glu->pyro-Glu,1.0
M4,685,E,Glu->pyro-Glu,1.0
M4,686,E,Glu->pyro-Glu,1.0
M4,687,E,Glu->pyro-Glu,1.0
M4,688,E,Glu->pyro-Glu,1.0
M4,689,E,Glu->pyro-Glu,1.0
M4,690,E,Glu->pyro-Glu,1.0
M4,691,E,Glu->pyro-Glu,1.0
M4,692,E,Glu->pyro-Glu,1.0
M4,693,E,Glu->pyro-Glu,1.0
M4,694,E,Glu->pyro-Glu,1.0
M4,695,E,Glu->pyro-Glu,1.0
M4,696,E,Glu->pyro-Glu,1.0
M4,697,E,Glu->pyro-Glu,1.0
M4,698,E,Glu->pyro-Glu,1.0
M4,699,E,Glu->pyro-Glu,1.0
M4,700,E,Glu->pyro-Glu,1.0
M4,701,E,Glu->pyro-Glu,1.0
M4,702,E,Glu->pyro-Glu,1.0
M4,703,E,Glu->pyro-Glu,1.0
M4,704,E,Glu->pyro-Glu,1.0
M4,705,E,Glu->pyro-Glu,1.0
M4,706,E,Glu->pyro-Glu,1.0
M4,707,E,Glu->pyro-Glu,1.0
M4,708,E,Glu->pyro-Glu,1.0
M4,709,E,Glu->pyro-Glu,1.0
M4,710,E,Glu->pyro-Glu,1.0
M4,711,E,Glu->pyro-Glu,1.0
M4,712,E,Glu->pyro-Glu,1.0
M4,713,E,Glu->pyro-Glu,1.0
M4,714,E,Glu->pyro-Glu,1.0
M4,715,E,Glu->pyro-Glu,1.0
M4,716,E,Glu->pyro-Glu,1.0
M4,717,E,Glu->pyro-Glu,1.0
M4,718,E,Glu->pyro-Glu,1.0
M4,719,E,Glu->pyro-Glu,1.0
M4,720,E,Glu->pyro-Glu,1.0
M4,721,E,Glu->pyro-Glu,1.0
M4,722,E,Glu->pyro-Glu,1.0
M4,723,E,Glu->pyro-Glu,1.0
M4,724,E,Glu->pyro-Glu,1.0
M4,725,E,Glu->pyro-Glu,1.0
M4,726,E,Glu->pyro-Glu,1.0
M4,727,E,Glu->pyro-Glu,1.0
M4,728,E,Glu->pyro-Glu,1.0
M4,729,E,Glu->pyro-Glu,1.0
M4,730,E,Glu->pyro-Glu,1.0
M4,731,E,Glu->pyro-Glu,1.0
M4,732,E,Glu->pyro-Glu,1.0
M4,733,E,Glu->pyro-Glu,1.0
M4,734,E,Glu->pyro-Glu,1.0
M4,735,E,Glu->pyro-Glu,1.0
M4,736,E,Glu->pyro-Glu,1.0
M4,737,E,Glu->pyro-Glu,1.0
M4,738,E,Glu->pyro-Glu,1.0
M4,739,E,Glu->pyro-Glu,1.0
M4,740,E,Glu->pyro-Glu,1.0
M4,741,E,Glu->pyro-Glu,1.0
M4,742,E,Glu->pyro-Glu,1.0
M4,743,E,Glu->pyro-Glu,1.0
M4,744,E,Glu->pyro-Glu,1.0
M4,745,E,Glu->pyro-Glu,1.0
M4,746,E,Glu->pyro-Glu,1.0
M4,747,E,Glu->pyro-Glu,1.0
M4,748,E,Glu->pyro-Glu,1.0
M4,749,E,Glu->pyro-Glu,1.0
M4,750,E,Glu->pyro-Glu,1.0
M4,751,E,Glu->pyro-Glu,1.0
M4,752,E,Glu->pyro-Glu,1.0
M4,753,E,Glu->pyro-Glu,1.0
M4,754,E,Glu->pyro-Glu,1.0
M4,755,E,Glu->pyro-Glu,1.0
M4,756,E,Glu->pyro-Glu,1.0
M4,757,E,Glu->pyro-Glu,1.0
M4,758,E,Glu->pyro-Glu,1.0
M4,759,E,Glu->pyro-Glu,1.0
M4,760,E,Glu->pyro-Glu,1.0
M4,761,E,Glu->pyro-Glu,1.0
M4,762,E,Glu->pyro-Glu,1.0
M4,763,E,Glu->pyro-Glu,1.0
M4,764,E,Glu->pyro-Glu,1.0
M4,765,E,Glu->pyro-Glu,1.0
M4,766,E,Glu->pyro-Glu,1.0
M4,767,E,Glu->pyro-Glu,1.0
M4,768,E,Glu->pyro-Glu,1.0
M4,769,E,Glu->pyro-Glu,1.0
M4,770,E,Glu->pyro-Glu,1.0
M4,771,E,Glu->pyro-Glu,1.0
M4,772,E,Glu->pyro-Glu,1.0
M4,773,E,Glu->pyro-Glu,1.0
M4,774,E,Glu->pyro-Glu,1.0
M4,775,E,Glu->pyro-Glu,1.0
M4,776,E,Glu->pyro-Glu,1.0
M4,777,E,Glu->pyro-Glu,1.0
M4,778,E,Glu->pyro-Glu,1.0
M4,779,E,Glu->pyro-Glu,1.0
M4,780,E,Glu->pyro-Glu,1.0
M4,781,E,Glu->pyro-Glu,1.0
M4,782,E,Glu->pyro-Glu,1.0
M4,783,E,Glu->pyro-Glu,1.0
M4,784,E,Glu->pyro-Glu,1.0
M4,785,E,Glu->pyro-Glu,1.0
M4,786,E,Glu->pyro-Glu,1.0
M4,787,E,Glu->pyro-Glu,1.0
M4,788,E,Glu->pyro-Glu,1.0
M4,789,E,Glu->pyro-Glu,1.0
M4,790,E,Glu->pyro-Glu,1.0
M4,791,E,Glu->pyro-Glu,1.0
M4,792,E,Glu->pyro-Glu,1.0
M4,793,E,Glu->pyro-Glu,1.0
M4,794,E,Glu->pyro-Glu,1.0
M4,795,E,Glu->pyro-Glu,1.0
M4,796,E,Glu->pyro-Glu,1.0
M4,797,E,Glu->pyro-Glu,1.0
M4,798,E,Glu->pyro-Glu,1.0
M4,799,E,Glu->pyro-Glu,1.0
M4,800,E,Glu->pyro-Glu,1.0
M4,801,E,Glu->pyro-Glu,1.0
M4,802,E,Glu->pyro-Glu,1.0
M4,803,E,Glu->pyro-Glu,1.0
M4,804,E,Glu->pyro-Glu,1.0
M4,805,E,Glu->pyro-Glu,1.0
M4,806,E,Glu->pyro-Glu,1.0
M4,807,E,Glu->pyro-Glu,1.0
M4,808,E,Glu->pyro-Glu,1.0
M4,809,E,Glu->pyro-Glu,1.0
M4,810,E,Glu->pyro-Glu,1.0
M4,811,E,Glu->pyro-Glu,1.0
M4,812,E,Glu->pyro-Glu,1.0
M4,813,E,Glu->pyro-Glu,1.0
M4,814,E,Glu->pyro-Glu,1.0
M4,815,E,Glu->pyro-Glu,1.0
M4,816,E,Glu->pyro-Glu,1.0
M4,817,E,Glu->pyro-Glu,1.0
M4,818,E,Glu->pyro-Glu,1.0
M4,819,E,Glu->pyro-Glu,1.0
M4,820,E,Glu->pyro-Glu,1.0
M4,821,E,Glu->pyro-Glu,1.0
M4,822,E,Glu->pyro-Glu,1.0
M4,823,E,Glu->pyro-Glu,1.0
M4,824,E,Glu->pyro-Glu,1.0
M4,825,E,Glu->pyro-Glu,1.0
M4,826,E,Glu->pyro-Glu,1.0
M4,827,E,Glu->pyro-Glu,1.0
M4,828,E,Glu->pyro-Glu,1.0
M4,829,E,Glu->pyro-Glu,1.0
M4,830,E,Glu->pyro-Glu,1.0
M4,831,E,Glu->pyro-Glu,1.0
M4,832,E,Glu->pyro-Glu,1.0
M4,833,E,Glu->pyro-Glu,1.0
M4,834,E,Glu->pyro-Glu,1.0
M4,835,E,Glu->pyro-Glu,1.0
M4,836,E,Glu->pyro-Glu,1.0
M4,837,E,Glu->pyro-Glu,1.0
M4,838,E,Glu->pyro-Glu,1.0
M4,839,E,Glu->pyro-Glu,1.0
M4,840,E,Glu->pyro-Glu,1.0
M4,841,E,Glu->pyro-Glu,1.0
M4,842,E,Glu->pyro-Glu,1.0
M4,843,E,Glu->pyro-Glu,1.0
M4,844,E,Glu->pyro-Glu,1.0
M4,845,E,Glu->pyro-Glu,1.0
M4,846,E,Glu->pyro-Glu,1.0
M4,847,E,Glu->pyro-Glu,1.0
M4,848,E,Glu->pyro-Glu,1.0
M4,849,E,Glu->pyro-Glu,1.0
M4,850,E,Glu->pyro-Glu,1.0
M4,851,E,Glu->pyro-Glu,1.0
M4,852,E,Glu->pyro-Glu,1.0
M4,853,E,Glu->pyro-Glu,1.0
M4,854,E,Glu->pyro-Glu,1.0
M4,855,E,Glu->pyro-Glu,1.0
M4,856,E,Glu->pyro-Glu,1.0
M4,857,E,Glu->pyro-Glu,1.0
M4,858,E,Glu->pyro-Glu,1.0
M4,859,E,Glu->pyro-Glu,1.0
M4,860,E,Glu->pyro-Glu,1.0
M4,861,E,Glu->pyro-Glu,1.0
M4,862,E,Glu->pyro-Glu,1.0
M4,863,E,Glu->pyro-Glu,1.0
M4,864,E,Glu->pyro-Glu,1.0
M4,865,E,Glu->pyro-Glu,1.0
M4,866,E,Glu->pyro-Glu,1.0
M4,867,E,Glu->pyro-Glu,1.0
M4,868,E,Glu->pyro-Glu,1.0
M4,869,E,Glu->pyro-Glu,1.0
M4,870,E,Glu->pyro-Glu,1.0
M4,871,E,Glu->pyro-Glu,1.0
M4,872,E,Glu->pyro-Glu,1.0
M4,873,E,Glu->pyro-Glu,1.0
M4,874,E,Glu->pyro-Glu,1.0
M4,875,E,Glu->pyro-Glu,1.0
M4,876,E,Glu->pyro-Glu,1.0
M4,877,E,Glu->pyro-Glu,1.0
M4,878,E,Glu->pyro-Glu,1.0
M4,879,E,Glu->pyro-Glu,1.0
M4,880,E,Glu->pyro-Glu,1.0
M4,881,E,Glu->pyro-Glu,1.0
M4,882,E,Glu->pyro-Glu,1.0
M4,883,E,Glu->pyro-Glu,1.0
M4,884,E,Glu->pyro-Glu,1.0
M4,885,E,Glu->pyro-Glu,1.0
M4,886,E,Glu->pyro-Glu,1.0
M4,887,E,Glu->pyro-Glu,1.0
M4,888,E,Glu->pyro-Glu,1.0
M4,889,E,Glu->pyro-Glu,1.0
M4,890,E,Glu->pyro-Glu,1.0
M4,891,E,Glu->pyro-Glu,1.0
M4,892,E,Glu->pyro-Glu,1.0
M4,893,E,Glu->pyro-Glu,1.0
M4,894,E,Glu->pyro-Glu,1.0
M4,895,E,Glu->pyro-Glu,1.0
M4,896,E,Glu->pyro-Glu,1.0
M4,897,E,Glu->pyro-Glu,1.0
M4,898,E,Glu->pyro-Glu,1.0
M4,899,E,Glu->pyro-Glu,1.0
M4,900,E,Glu->pyro-Glu,1.0
M4,901,E,Glu->pyro-Glu,1.0
M4,902,E,Glu->pyro-Glu,1.0
M4,903,E,Glu->pyro-Glu,1.0
M4,904,E,Glu->pyro-Glu,1.0
M4,905,E,Glu->pyro-Glu,1.0
M4,906,E,Glu->pyro-Glu,1.0
M4,907,E,Glu->pyro-Glu,1.0
M4,908,E,Glu->pyro-Glu,1.0
M4,909,E,Glu->pyro-Glu,1.0
M4,910,E,Glu->pyro-Glu,1.0
M4,911,E,Glu->pyro-Glu,1.0
M4,912,E,Glu->pyro-Glu,1.0
M4,913,E,Glu->pyro-Glu,1.0
M4,914,E,Glu->pyro-Glu,1.0
M4,915,E,Glu->pyro-Glu,1.0
M4,916,E,Glu->pyro-Glu,1.0
M4,917,E,Glu->pyro-Glu,1.0
M4,918,E,Glu->pyro-Glu,1.0
M4,919,E,Glu->pyro-Glu,1.0
M4,920,E,Glu->pyro-Glu,1.0
M4,921,E,Glu->pyro-Glu,1.0
M4,922,E,Glu->pyro-Glu,1.0
M4,923,E,Glu->pyro-Glu,1.0
M4,924,E,Glu->pyro-Glu,1.0
M4,925,E,Glu->pyro-Glu,1.0
M4,926,E,Glu->pyro-Glu,1.0
M4,927,E,Glu->pyro-Glu,1.0
M4,928,E,Glu->pyro-Glu,1.0
M4,929,E,Glu->pyro-Glu,1.0
M4,930,E,Glu->pyro-Glu,1.0
M4,931,E,Glu->pyro-Glu,1.0
M4,932,E,Glu->pyro-Glu,1.0
M4,933,E,Glu->pyro-Glu,1.0
M4,934,E,Glu->pyro-Glu,1.0
M4,935,E,Glu->pyro-Glu,1.0
M4,936,E,Glu->pyro-Glu,1.0
M4,937,E,Glu->pyro-Glu,1.0
M4,938,E,Glu->pyro-Glu,1.0
M4,939,E,Glu->pyro-Glu,1.0
M4,940,E,Glu->pyro-Glu,1.0
M4,941,E,Glu->pyro-Glu,1.0
M4,942,E,Glu->pyro-Glu,1.0
M4,943,E,Glu->pyro-Glu,1.0
M4,944,E,Glu->pyro-Glu,1.0
M4,945,E,Glu->pyro-Glu,1.0
M4,946,E,Glu->pyro-Glu,1.0
M4,947,E,Glu->pyro-Glu,1.0
M4,948,E,Glu->pyro-Glu,1.0
M4,949,E,Glu->pyro-Glu,1.0
M4,950,E,Glu->pyro-Glu,1.0
M4,951,E,Glu->pyro-Glu,1.0
M4,952,E,Glu->pyro-Glu,1.0
M4,953,E,Glu->pyro-Glu,1.0
M4,954,E,Glu->pyro-Glu,1.0
M4,955,E,Glu->pyro-Glu,1.0
M4,956,E,Glu->pyro-Glu,1.0
M4,957,E,Glu->pyro-Glu,1.0
M4,958,E,Glu->pyro-Glu,1.0
M4,959,E,Glu->pyro-Glu,1.0
M4,960,E,Glu->pyro-Glu,1.0
M4,961,E,Glu->pyro-Glu,1.0
M4,962,E,Glu->pyro-Glu,1.0
M4,963,E,Glu->pyro-Glu,1.0
M4,964,E,Glu->pyro-Glu,1.0
M4,965,E,Glu->pyro-Glu,1.0
M4,966,E,Glu->pyro-Glu,1.0
M4,967,E,Glu->pyro-Glu,1.0
M4,968,E,Glu->pyro-Glu,1.0
M4,969,E,Glu->pyro-Glu,1.0
M4,970,E,Glu->pyro-Glu,1.0
M4,971,E,Glu->pyro-Glu,1.0
M4,972,E,Glu->pyro-Glu,1.0
M4,973,E,Glu->pyro-Glu,1.0
M4,974,E,Glu->pyro-Glu,1.0
M4,975,E,Glu->pyro-Glu,1.0
M4,976,E,Glu->pyro-Glu,1.0
M4,977,E,Glu->pyro-Glu,1.0
M4,978,E,Glu->pyro-Glu,1.0
M4,979,E,Glu->pyro-Glu,1.0
M4,980,E,Glu->pyro-Glu,1.0
M4,981,E,Glu->pyro-Glu,1.0
M4,982,E,Glu->pyro-Glu,1.0
M4,983,E,Glu->pyro-Glu,1.0
M4,984,E,Glu->pyro-Glu,1.0
M4,985,E,Glu->pyro-Glu,1.0
M4,986,E,Glu->pyro-Glu,1.0
M4,987,E,Glu->pyro-Glu,1.0
M4,988,E,Glu->pyro-Glu,1.0
M4,989,E,Glu->pyro-Glu,1.0
M4,990,E,Glu->pyro-Glu,1.0
M4,991,E,Glu->pyro-Glu,1.0
M4,992,E,Glu->pyro-Glu,1.0
M4,993,E,Glu->pyro-Glu,1.0
M4,994,E,Glu->pyro-Glu,1.0
M4,995,E,Glu->pyro-Glu,1.0
M4,996,E,Glu->pyro-Glu,1.0
M4,997,E,Glu->pyro-Glu,1.0
M4,998,E,Glu->pyro-Glu,1.0
M4,999,E,Glu->pyro-Glu,1.0
M5,0,E,Glu->pyro-Glu,1.0
M5,1,E,Glu->pyro-Glu,1.0
M5,2,E,Glu->pyro-Glu,1.0
M5,3,E,Glu->pyro-Glu,1.0
M5,4,E,Glu->pyro-Glu,1.0
M5,5,E,Glu->pyro-Glu,1.0
M5,6,E,Glu->pyro-Glu,1.0
M5,7,E,Glu->pyro-Glu,1.0
M5,8,E,Glu->pyro-Glu,1.0
M5,9,E,Glu->pyro-Glu,1.0
M5,10,E,Glu->pyro-Glu,1.0
M5,11,E,Glu->pyro-Glu,1.0
M5,12,E,Glu->pyro-Glu,1.0
M5,13,E,Glu->pyro-Glu,1.0
M5,14,E,Glu->pyro-Glu,1.0
M5,15,E,Glu->pyro-Glu,1.0
M5,16,E,Glu->pyro-Glu,1.0
M5,17,E,Glu->pyro-Glu,1.0
M5,18,E,Glu->pyro-Glu,1.0
M5,19,E,Glu->pyro-Glu,1.0
M5,20,E,Glu->pyro-Glu,1.0
M5,21,E,Glu->pyro-Glu,1.0
M5,22,E,Glu->pyro-Glu,1.0
M5,23,E,Glu->pyro-Glu,1.0
M5,24,E,Glu->pyro-Glu,1.0
M5,25,E,Glu->pyro-Glu,1.0
M5,26,E,Glu->pyro-Glu,1.0
M5,27,E,Glu->pyro-Glu,1.0
M5,28,E,Glu->pyro-Glu,1.0
M5,29,E,Glu->pyro-Glu,1.0
M5,30,E,Glu->pyro-Glu,1.0
M5,31,E,Glu->pyro-Glu,1.0
M5,32,E,Glu->pyro-Glu,1.0
M5,33,E,Glu->pyro-Glu,1.0
M5,34,E,Glu->pyro-Glu,1.0
M5,35,E,Glu->pyro-Glu,1.0
M5,36,E,Glu->pyro-Glu,1.0
M5,37,E,Glu->pyro-Glu,1.0
M5,38,E,Glu->pyro-Glu,1.0
M5,39,E,Glu->pyro-Glu,1.0
M5,40,E,Glu->pyro-Glu,1.0
M5,41,E,Glu->pyro-Glu,1.0
M5,42,E,Glu->pyro-Glu,1.0
M5,43,E,Glu->pyro-Glu,1.0
M5,44,E,Glu->pyro-Glu,1.0
M5,45,E,Glu->pyro-Glu,1.0
M5,46,E,Glu->pyro-Glu,1.0
M5,47,E,Glu->pyro-Glu,1.0
M5,48,E,Glu->pyro-Glu,1.0
M5,49,E,Glu->pyro-Glu,1.0
M5,50,E,Glu->pyro-Glu,1.0
M5,51,E,Glu->pyro-Glu,1.0
M5,52,E,Glu->pyro-Glu,1.0
M5,53,E,Glu->pyro-Glu,1.0
M5,54,E,Glu->pyro-Glu,1.0
M5,55,E,Glu->pyro-Glu,1.0
M5,56,E,Glu->pyro-Glu,1.0
M5,57,E,Glu->pyro-Glu,1.0
M5,58,E,Glu->pyro-Glu,1.0
M5,59,E,Glu->pyro-Glu,1.0
M5,60,E,Glu->pyro-Glu,1.0
M5,61,E,Glu->pyro-Glu,1.0
M5,62,E,Glu->pyro-Glu,1.0
M5,63,E,Glu->pyro-Glu,1.0
M5,64,E,Glu->pyro-Glu,1.0
M5,65,E,Glu->pyro-Glu,1.0
M5,66,E,Glu->pyro-Glu,1.0
M5,67,E,Glu->pyro-Glu,1.0
M5,68,E,Glu->pyro-Glu,1.0
M5,69,E,Glu->pyro-Glu,1.0
M5,70,E,Glu->pyro-Glu,1.0
M5,71,E,Glu->pyro-Glu,1.0
M5,72,E,Glu->pyro-Glu,1.0
M5,73,E,Glu->pyro-Glu,1.0
M5,74,E,Glu->pyro-Glu,1.0
M5,75,E,Glu->pyro-Glu,1.0
M5,76,E,Glu->pyro-Glu,1.0
M5,77,E,Glu->pyro-Glu,1.0
M5,78,E,Glu->pyro-Glu,1.0
M5,79,E,Glu->pyro-Glu,1.0
M5,80,E,Glu->pyro-Glu,1.0
M5,81,E,Glu->pyro-Glu,1.0
M5,82,E,Glu->pyro-Glu,1.0
M5,83,E,Glu->pyro-Glu,1.0
M5,84,E,Glu->pyro-Glu,1.0
M5,85,E,Glu->pyro-Glu,1.0
M5,86,E,Glu->pyro-Glu,1.0
M5,87,E,Glu->pyro-Glu,1.0
M5,88,E,Glu->pyro-Glu,1.0
M5,89,E,Glu->pyro-Glu,1.0
M5,90,E,Glu->pyro-Glu,1.0
M5,91,E,Glu->pyro-Glu,1.0
M5,92,E,Glu->pyro-Glu,1.0
M5,93,E,Glu->pyro-Glu,1.0
M5,94,E,Glu->pyro-Glu,1.0
M5,95,E,Glu->pyro-Glu,1.0
M5,96,E,Glu->pyro-Glu,1.0
M5,97,E,Glu->pyro-Glu,1.0
M5,98,E,Glu->pyro-Glu,1.0
M5,99,E,Glu->pyro-Glu,1.0
M5,100,E,Glu->pyro-Glu,1.0
M5,101,E,Glu->pyro-Glu,1.0
M5,102,E,Glu->pyro-Glu,1.0
M5,103,E,Glu->pyro-Glu,1.0
M5,104,E,Glu->pyro-Glu,1.0
M5,105,E,Glu->pyro-Glu,1.0
M5,106,E,Glu->pyro-Glu,1.0
M5,107,E,Glu->pyro-Glu,1.0
M5,108,E,Glu->pyro-Glu,1.0
M5,109,E,Glu->pyro-Glu,1.0
M5,110,E,Glu->pyro-Glu,1.0
M5,111,E,Glu->pyro-Glu,1.0
M5,112,E,Glu->pyro-Glu,1.0
M5,113,E,Glu->pyro-Glu,1.0
M5,114,E,Glu->pyro-Glu,1.0
M5,115,E,Glu->pyro-Glu,1.0
M5,116,E,Glu->pyro-Glu,1.0
M5,117,E,Glu->pyro-Glu,1.0
M5,118,E,Glu->pyro-Glu,1.0
M5,119,E,Glu->pyro-Glu,1.0
M5,120,E,Glu->pyro-Glu,1.0
M5,121,E,Glu->pyro-Glu,1.0
M5,122,E,Glu->pyro-Glu,1.0
M5,123,E,Glu->pyro-Glu,1.0
M5,124,E,Glu->pyro-Glu,1.0
M5,125,E,Glu->pyro-Glu,1.0
M5,126,E,Glu->pyro-Glu,1.0
M5,127,E,Glu->pyro-Glu,1.0
M5,128,E,Glu->pyro-Glu,1.0
M5,129,E,Glu->pyro-Glu,1.0
M5,130,E,Glu->pyro-Glu,1.0
M5,131,E,Glu->pyro-Glu,1.0
M5,132,E,Glu->pyro-Glu,1.0
M5,133,E,Glu->pyro-Glu,1.0
M5,134,E,Glu->pyro-Glu,1.0
M5,135,E,Glu->pyro-Glu,1.0
M5,136,E,Glu->pyro-Glu,1.0
M5,137,E,Glu->pyro-Glu,1.0
M5,138,E,Glu->pyro-Glu,1.0
M5,139,E,Glu->pyro-Glu,1.0
M5,140,E,Glu->pyro-Glu,1.0
M5,141,E,Glu->pyro-Glu,1.0
M5,142,E,Glu->pyro-Glu,1.0
M5,143,E,Glu->pyro-Glu,1.0
M5,144,E,Glu->pyro-Glu,1.0
M5,145,E,Glu->pyro-Glu,1.0
M5,146,E,Glu->pyro-Glu,1.0
M5,147,E,Glu->pyro-Glu,1.0
M5,148,E,Glu->pyro-Glu,1.0
M5,149,E,Glu->pyro-Glu,1.0
M5,150,E,Glu->pyro-Glu,1.0
M5,151,E,Glu->pyro-Glu,1.0
M5,152,E,Glu->pyro-Glu,1.0
M5,153,E,Glu->pyro-Glu,1.0
M5,154,E,Glu->pyro-Glu,1.0
M5,155,E,Glu->pyro-Glu,1.0
M5,156,E,Glu->pyro-Glu,1.0
M5,157,E,Glu->pyro-Glu,1.0
M5,158,E,Glu->pyro-Glu,1.0
M5,159,E,Glu->pyro-Glu,1.0
M5,160,E,Glu->pyro-Glu,1.0
M5,161,E,Glu->pyro-Glu,1.0
M5,162,E,Glu->pyro-Glu,1.0
M5,163,E,Glu->pyro-Glu,1.0
M5,164,E,Glu->pyro-Glu,1.0
M5,165,E,Glu->pyro-Glu,1.0
M5,166,E,Glu->pyro-Glu,1.0
M5,167,E,Glu->pyro-Glu,1.0
M5,168,E,Glu->pyro-Glu,1.0
M5,169,E,Glu->pyro-Glu,1.0
M5,170,E,Glu->pyro-Glu,1.0
M5,171,E,Glu->pyro-Glu,1.0
M5,172,E,Glu->pyro-Glu,1.0
M5,173,E,Glu->pyro-Glu,1.0
M5,174,E,Glu->pyro-Glu,1.0
M5,175,E,Glu->pyro-Glu,1.0
M5,176,E,Glu->pyro-Glu,1.0
M5,177,E,Glu->pyro-Glu,1.0
M5,178,E,Glu->pyro-Glu,1.0
M5,179,E,Glu->pyro-Glu,1.0
M5,180,E,Glu->pyro-Glu,1.0
M5,181,E,Glu->pyro-Glu,1.0
M5,182,E,Glu->pyro-Glu,1.0
M5,183,E,Glu->pyro-Glu,1.0
M5,184,E,Glu->pyro-Glu,1.0
M5,185,E,Glu->pyro-Glu,1.0
M5,186,E,Glu->pyro-Glu,1.0
M5,187,E,Glu->pyro-Glu,1.0
M5,188,E,Glu->pyro-Glu,1.0
M5,189,E,Glu->pyro-Glu,1.0
M5,190,E,Glu->pyro-Glu,1.0
M5,191,E,Glu->pyro-Glu,1.0
M5,192,E,Glu->pyro-Glu,1.0
M5,193,E,Glu->pyro-Glu,1.0
M5,194,E,Glu->pyro-Glu,1.0
M5,195,E,Glu->pyro-Glu,1.0
M5,196,E,Glu->pyro-Glu,1.0
M5,197,E,Glu->pyro-Glu,1.0
M5,198,E,Glu->pyro-Glu,1.0
M5,199,E,Glu->pyro-Glu,1.0
M5,200,E,Glu->pyro-Glu,1.0
M5,201,E,Glu->pyro-Glu,1.0
M5,202,E,Glu->pyro-Glu,1.0
M5,203,E,Glu->pyro-Glu,1.0
M5,204,E,Glu->pyro-Glu,1.0
M5,205,E,Glu->pyro-Glu,1.0
M5,206,E,Glu->pyro-Glu,1.0
M5,207,E,Glu->pyro-Glu,1.0
M5,208,E,Glu->pyro-Glu,1.0
M5,209,E,Glu->pyro-Glu,1.0
M5,210,E,Glu->pyro-Glu,1.0
M5,211,E,Glu->pyro-Glu,1.0
M5,212,E,Glu->pyro-Glu,1.0
M5,213,E,Glu->pyro-Glu,1.0
M5,214,E,Glu->pyro-Glu,1.0
M5,215,E,Glu->pyro-Glu,1.0
M5,216,E,Glu->pyro-Glu,1.0
M5,217,E,Glu->pyro-Glu,1.0
M5,218,E,Glu->pyro-Glu,1.0
M5,219,E,Glu->pyro-Glu,1.0
M5,220,E,Glu->pyro-Glu,1.0
M5,221,E,Glu->pyro-Glu,1.0
M5,222,E,Glu->pyro-Glu,1.0
M5,223,E,Glu->pyro-Glu,1.0
M5,224,E,Glu->pyro-Glu,1.0
M5,225,E,Glu->pyro-Glu,1.0
M5,226,E,Glu->pyro-Glu,1.0
M5,227,E,Glu->pyro-Glu,1.0
M5,228,E,Glu->pyro-Glu,1.0
M5,229,E,Glu->pyro-Glu,1.0
M5,230,E,Glu->pyro-Glu,1.0
M5,231,E,Glu->pyro-Glu,1.0
M5,232,E,Glu->pyro-Glu,1.0
M5,233,E,Glu->pyro-Glu,1.0
M5,234,E,Glu->pyro-Glu,1.0
M5,235,E,Glu->pyro-Glu,1.0
M5,236,E,Glu->pyro-Glu,1.0
M5,237,E,Glu->pyro-Glu,1.0
M5,238,E,Glu->pyro-Glu,1.0
M5,239,E,Glu->pyro-Glu,1.0
M5,240,E,Glu->pyro-Glu,1.0
M5,241,E,Glu->pyro-Glu,1.0
M5,242,E,Glu->pyro-Glu,1.0
M5,243,E,Glu->pyro-Glu,1.0
M5,244,E,Glu->pyro-Glu,1.0
M5,245,E,Glu->pyro-Glu,1.0
M5,246,E,Glu->pyro-Glu,1.0
M5,247,E,Glu->pyro-Glu,1.0
M5,248,E,Glu->pyro-Glu,1.0
M5,249,E,Glu->pyro-Glu,1.0
M5,250,E,Glu->pyro-Glu,1.0
M5,251,E,Glu->pyro-Glu,1.0
M5,252,E,Glu->pyro-Glu,1.0
M5,253,E,Glu->pyro-Glu,1.0
M5,254,E,Glu->pyro-Glu,1.0
M5,255,E,Glu->pyro-Glu,1.0
M5,256,E,Glu->pyro-Glu,1.0
M5,257,E,Glu->pyro-Glu,1.0
M5,258,E,Glu->pyro-Glu,1.0
M5,259,E,Glu->pyro-Glu,1.0
M5,260,E,Glu->pyro-Glu,1.0
M5,261,E,Glu->pyro-Glu,1.0
M5,262,E,Glu->pyro-Glu,1.0
M5,263,E,Glu->pyro-Glu,1.0
M5,264,E,Glu->pyro-Glu,1.0
M5,265,E,Glu->pyro-Glu,1.0
M5,266,E,Glu->pyro-Glu,1.0
M5,267,E,Glu->pyro-Glu,1.0
M5,268,E,Glu->pyro-Glu,1.0
M5,269,E,Glu->pyro-Glu,1.0
M5,270,E,Glu->pyro-Glu,1.0
M5,271,E,Glu->pyro-Glu,1.0
M5,272,E,Glu->pyro-Glu,1.0
M5,273,E,Glu->pyro-Glu,1.0
M5,274,E,Glu->pyro-Glu,1.0
M5,275,E,Glu->pyro-Glu,1.0
M5,276,E,Glu->pyro-Glu,1.0
M5,277,E,Glu->pyro-Glu,1.0
M5,278,E,Glu->pyro-Glu,1.0
M5,279,E,Glu->pyro-Glu,1.0
M5,280,E,Glu->pyro-Glu,1.0
M5,281,E,Glu->pyro-Glu,1.0
M5,282,E,Glu->pyro-Glu,1.0
M5,283,E,Glu->pyro-Glu,1.0
M5,284,E,Glu->pyro-Glu,1.0
M5,285,E,Glu->pyro-Glu,1.0
M5,286,E,Glu->pyro-Glu,1.0
M5,287,E,Glu->pyro-Glu,1.0
M5,288,E,Glu->pyro-Glu,1.0
M5,289,E,Glu->pyro-Glu,1.0
M5,290,E,Glu->pyro-Glu,1.0
M5,291,E,Glu->pyro-Glu,1.0
M5,292,E,Glu->pyro-Glu,1.0
M5,293,E,Glu->pyro-Glu,1.0
M5,294,E,Glu->pyro-Glu,1.0
M5,295,E,Glu->pyro-Glu,1.0
M5,296,E,Glu->pyro-Glu,1.0
M5,297,E,Glu->pyro-Glu,1.0
M5,298,E,Glu->pyro-Glu,1.0
M5,299,E,Glu->pyro-Glu,1.0
M5,300,E,Glu->pyro-Glu,1.0
M5,301,E,Glu->pyro-Glu,1.0
M5,302,E,Glu->pyro-Glu,1.0
M5,303,E,Glu->pyro-Glu,1.0
M5,304,E,Glu->pyro-Glu,1.0
M5,305,E,Glu->pyro-Glu,1.0
M5,306,E,Glu->pyro-Glu,1.0
M5,307,E,Glu->pyro-Glu,1.0
M5,308,E,Glu->pyro-Glu,1.0
M5,309,E,Glu->pyro-Glu,1.0
M5,310,E,Glu->pyro-Glu,1.0
M5,311,E,Glu->pyro-Glu,1.0
M5,312,E,Glu->pyro-Glu,1.0
M5,313,E,Glu->pyro-Glu,1.0
M5,314,E,Glu->pyro-Glu,1.0
M5,315,E,Glu->pyro-Glu,1.0
M5,316,E,Glu->pyro-Glu,1.0
M5,317,E,Glu->pyro-Glu,1.0
M5,318,E,Glu->pyro-Glu,1.0
M5,319,E,Glu->pyro-Glu,1.0
M5,320,E,Glu->pyro-Glu,1.0
M5,321,E,Glu->pyro-Glu,1.0
M5,322,E,Glu->pyro-Glu,1.0
M5,323,E,Glu->pyro-Glu,1.0
M5,324,E,Glu->pyro-Glu,1.0
M5,325,E,Glu->pyro-Glu,1.0
M5,326,E,Glu->pyro-Glu,1.0
M5,327,E,Glu->pyro-Glu,1.0
M5,328,E,Glu->pyro-Glu,1.0
M5,329,E,Glu->pyro-Glu,1.0
M5,330,E,Glu->pyro-Glu,1.0
M5,331,E,Glu->pyro-Glu,1.0
M5,332,E,Glu->pyro-Glu,1.0
M5,333,E,Glu->pyro-Glu,1.0
M5,334,E,Glu->pyro-Glu,1.0
M5,335,E,Glu->pyro-Glu,1.0
M5,336,E,Glu->pyro-Glu,1.0
M5,337,E,Glu->pyro-Glu,1.0
M5,338,E,Glu->pyro-Glu,1.0
M5,339,E,Glu->pyro-Glu,1.0
M5,340,E,Glu->pyro-Glu,1.0
M5,341,E,Glu->pyro-Glu,1.0
M5,342,E,Glu->pyro-Glu,1.0
M5,343,E,Glu->pyro-Glu,1.0
M5,344,E,Glu->pyro-Glu,1.0
M5,345,E,Glu->pyro-Glu,1.0
M5,346,E,Glu->pyro-Glu,1.0
M5,347,E,Glu->pyro-Glu,1.0
M5,348,E,Glu->pyro-Glu,1.0
M5,349,E,Glu->pyro-Glu,1.0
M5,350,E,Glu->pyro-Glu,1.0
M5,351,E,Glu->pyro-Glu,1.0
M5,352,E,Glu->pyro-Glu,1.0
M5,353,E,Glu->pyro-Glu,1.0
M5,354,E,Glu->pyro-Glu,1.0
M5,355,E,Glu->pyro-Glu,1.0
M5,356,E,Glu->pyro-Glu,1.0
M5,357,E,Glu->pyro-Glu,1.0
M5,358,E,Glu->pyro-Glu,1.0
M5,359,E,Glu->pyro-Glu,1.0
M5,360,E,Glu->pyro-Glu,1.0
M5,361,E,Glu->pyro-Glu,1.0
M5,362,E,Glu->pyro-Glu,1.0
M5,363,E,Glu->pyro-Glu,1.0
M5,364,E,Glu->pyro-Glu,1.0
M5,365,E,Glu->pyro-Glu,1.0
M5,366,E,Glu->pyro-Glu,1.0
M5,367,E,Glu->pyro-Glu,1.0
M5,368,E,Glu->pyro-Glu,1.0
M5,369,E,Glu->pyro-Glu,1.0
M5,370,E,Glu->pyro-Glu,1.0
M5,371,E,Glu->pyro-Glu,1.0
M5,372,E,Glu->pyro-Glu,1.0
M5,373,E,Glu->pyro-Glu,1.0
M5,374,E,Glu->pyro-Glu,1.0
M5,375,E,Glu->pyro-Glu,1.0
M5,376,E,Glu->pyro-Glu,1.0
M5,377,E,Glu->pyro-Glu,1.0
M5,378,E,Glu->pyro-Glu,1.0
M5,379,E,Glu->pyro-Glu,1.0
M5,380,E,Glu->pyro-Glu,1.0
M5,381,E,Glu->pyro-Glu,1.0
M5,382,E,Glu->pyro-Glu,1.0
M5,383,E,Glu->pyro-Glu,1.0
M5,384,E,Glu->pyro-Glu,1.0
M5,385,E,Glu->pyro-Glu,1.0
M5,386,E,Glu->pyro-Glu,1.0
M5,387,E,Glu->pyro-Glu,1.0
M5,388,E,Glu->pyro-Glu,1.0
M5,389,E,Glu->pyro-Glu,1.0
M5,390,E,Glu->pyro-Glu,1.0
M5,391,E,Glu->pyro-Glu,1.0
M5,392,E,Glu->pyro-Glu,1.0
M5,393,E,Glu->pyro-Glu,1.0
M5,394,E,Glu->pyro-Glu,1.0
M5,395,E,Glu->pyro-Glu,1.0
M5,396,E,Glu->pyro-Glu,1.0
M5,397,E,Glu->pyro-Glu,1.0
M5,398,E,Glu->pyro-Glu,1.0
M5,399,E,Glu->pyro-Glu,1.0
M5,400,E,Glu->pyro-Glu,1.0
M5,401,E,Glu->pyro-Glu,1.0
M5,402,E,Glu->pyro-Glu,1.0
M5,403,E,Glu->pyro-Glu,1.0
M5,404,E,Glu->pyro-Glu,1.0
M5,405,E,Glu->pyro-Glu,1.0
M5,406,E,Glu->pyro-Glu,1.0
M5,407,E,Glu->pyro-Glu,1.0
M5,408,E,Glu->pyro-Glu,1.0
M5,409,E,Glu->pyro-Glu,1.0
M5,410,E,Glu->pyro-Glu,1.0
M5,411,E,Glu->pyro-Glu,1.0
M5,412,E,Glu->pyro-Glu,1.0
M5,413,E,Glu->pyro-Glu,1.0
M5,414,E,Glu->pyro-Glu,1.0
M5,415,E,Glu->pyro-Glu,1.0
M5,416,E,Glu->pyro-Glu,1.0
M5,417,E,Glu->pyro-Glu,1.0
M5,418,E,Glu->pyro-Glu,1.0
M5,419,E,Glu->pyro-Glu,1.0
M5,420,E,Glu->pyro-Glu,1.0
M5,421,E,Glu->pyro-Glu,1.0
M5,422,E,Glu->pyro-Glu,1.0
M5,423,E,Glu->pyro-Glu,1.0
M5,424,E,Glu->pyro-Glu,1.0
M5,425,E,Glu->pyro-Glu,1.0
M5,426,E,Glu->pyro-Glu,1.0
M5,427,E,Glu->pyro-Glu,1.0
M5,428,E,Glu->pyro-Glu,1.0
M5,429,E,Glu->pyro-Glu,1.0
M5,430,E,Glu->pyro-Glu,1.0
M5,431,E,Glu->pyro-Glu,1.0
M5,432,E,Glu->pyro-Glu,1.0
M5,433,E,Glu->pyro-Glu,1.0
M5,434,E,Glu->pyro-Glu,1.0
M5,435,E,Glu->pyro-Glu,1.0
M5,436,E,Glu->pyro-Glu,1.0
M5,437,E,Glu->pyro-Glu,1.0
M5,438,E,Glu->pyro-Glu,1.0
M5,439,E,Glu->pyro-Glu,1.0
M5,440,E,Glu->pyro-Glu,1.0
M5,441,E,Glu->pyro-Glu,1.0
M5,442,E,Glu->pyro-Glu,1.0
M5,443,E,Glu->pyro-Glu,1.0
M5,444,E,Glu->pyro-Glu,1.0
M5,445,E,Glu->pyro-Glu,1.0
M5,446,E,Glu->pyro-Glu,1.0
M5,447,E,Glu->pyro-Glu,1.0
M5,448,E,Glu->pyro-Glu,1.0
M5,449,E,Glu->pyro-Glu,1.0
M5,450,E,Glu->pyro-Glu,1.0
M5,451,E,Glu->pyro-Glu,1.0
M5,452,E,Glu->pyro-Glu,1.0
M5,453,E,Glu->pyro-Glu,1.0
M5,454,E,Glu->pyro-Glu,1.0
M5,455,E,Glu->pyro-Glu,1.0
M5,456,E,Glu->pyro-Glu,1.0
M5,457,E,Glu->pyro-Glu,1.0
M5,458,E,Glu->pyro-Glu,1.0
M5,459,E,Glu->pyro-Glu,1.0
M5,460,E,Glu->pyro-Glu,1.0
M5,461,E,Glu->pyro-Glu,1.0
M5,462,E,Glu->pyro-Glu,1.0
M5,463,E,Glu->pyro-Glu,1.0
M5,464,E,Glu->pyro-Glu,1.0
M5,465,E,Glu->pyro-Glu,1.0
M5,466,E,Glu->pyro-Glu,1.0
M5,467,E,Glu->pyro-Glu,1.0
M5,468,E,Glu->pyro-Glu,1.0
M5,469,E,Glu->pyro-Glu,1.0
M5,470,E,Glu->pyro-Glu,1.0
M5,471,E,Glu->pyro-Glu,1.0
M5,472,E,Glu->pyro-Glu,1.0
M5,473,E,Glu->pyro-Glu,1.0
M5,474,E,Glu->pyro-Glu,1.0
M5,475,E,Glu->pyro-Glu,1.0
M5,476,E,Glu->pyro-Glu,1.0
M5,477,E,Glu->pyro-Glu,1.0
M5,478,E,Glu->pyro-Glu,1.0
M5,479,E,Glu->pyro-Glu,1.0
M5,480,E,Glu->pyro-Glu,1.0
M5,481,E,Glu->pyro-Glu,1.0
M5,482,E,Glu->pyro-Glu,1.0
M5,483,E,Glu->pyro-Glu,1.0
M5,484,E,Glu->pyro-Glu,1.0
M5,485,E,Glu->pyro-Glu,1.0
M5,486,E,Glu->pyro-Glu,1.0
M5,487,E,Glu->pyro-Glu,1.0
M5,488,E,Glu->pyro-Glu,1.0
M5,489,E,Glu->pyro-Glu,1.0
M5,490,E,Glu->pyro-Glu,1.0
M5,491,E,Glu->pyro-Glu,1.0
M5,492,E,Glu->pyro-Glu,1.0
M5,493,E,Glu->pyro-Glu,1.0
M5,494,E,Glu->pyro-Glu,1.0
M5,495,E,Glu->pyro-Glu,1.0
M5,496,E,Glu->pyro-Glu,1.0
M5,497,E,Glu->pyro-Glu,1.0
M5,498,E,Glu->pyro-Glu,1.0
M5,499,E,Glu->pyro-Glu,1.0
M5,500,E,Glu->pyro-Glu,1.0
M5,501,E,Glu->pyro-Glu,1.0
M5,502,E,Glu->pyro-Glu,1.0
M5,503,E,Glu->pyro-Glu,1.0
M5,504,E,Glu->pyro-Glu,1.0
M5,505,E,Glu->pyro-Glu,1.0
M5,506,E,Glu->pyro-Glu,1.0
M5,507,E,Glu->pyro-Glu,1.0
M5,508,E,Glu->pyro-Glu,1.0
M5,509,E,Glu->pyro-Glu,1.0
M5,510,E,Glu->pyro-Glu,1.0
M5,511,E,Glu->pyro-Glu,1.0
M5,512,E,Glu->pyro-Glu,1.0
M5,513,E,Glu->pyro-Glu,1.0
M5,514,E,Glu->pyro-Glu,1.0
M5,515,E,Glu->pyro-Glu,1.0
M5,516,E,Glu->pyro-Glu,1.0
M5,517,E,Glu->pyro-Glu,1.0
M5,518,E,Glu->pyro-Glu,1.0
M5,519,E,Glu->pyro-Glu,1.0
M5,520,E,Glu->pyro-Glu,1.0
M5,521,E,Glu->pyro-Glu,1.0
M5,522,E,Glu->pyro-Glu,1.0
M5,523,E,Glu->pyro-Glu,1.0
M5,524,E,Glu->pyro-Glu,1.0
M5,525,E,Glu->pyro-Glu,1.0
M5,526,E,Glu->pyro-Glu,1.0
M5,527,E,Glu->pyro-Glu,1.0
M5,528,E,Glu->pyro-Glu,1.0
M5,529,E,Glu->pyro-Glu,1.0
M5,530,E,Glu->pyro-Glu,1.0
M5,531,E,Glu->pyro-Glu,1.0
M5,532,E,Glu->pyro-Glu,1.0
M5,533,E,Glu->pyro-Glu,1.0
M5,534,E,Glu->pyro-Glu,1.0
M5,535,E,Glu->pyro-Glu,1.0
M5,536,E,Glu->pyro-Glu,1.0
M5,537,E,Glu->pyro-Glu,1.0
M5,538,E,Glu->pyro-Glu,1.0
M5,539,E,Glu->pyro-Glu,1.0
M5,540,E,Glu->pyro-Glu,1.0
M5,541,E,Glu->pyro-Glu,1.0
M5,542,E,Glu->pyro-Glu,1.0
M5,543,E,Glu->pyro-Glu,1.0
M5,544,E,Glu->pyro-Glu,1.0
M5,545,E,Glu->pyro-Glu,1.0
M5,546,E,Glu->pyro-Glu,1.0
M5,547,E,Glu->pyro-Glu,1.0
M5,548,E,Glu->pyro-Glu,1.0
M5,549,E,Glu->pyro-Glu,1.0
M5,550,E,Glu->pyro-Glu,1.0
M5,551,E,Glu->pyro-Glu,1.0
M5,552,E,Glu->pyro-Glu,1.0
M5,553,E,Glu->pyro-Glu,1.0
M5,554,E,Glu->pyro-Glu,1.0
M5,555,E,Glu->pyro-Glu,1.0
M5,556,E,Glu->pyro-Glu,1.0
M5,557,E,Glu->pyro-Glu,1.0
M5,558,E,Glu->pyro-Glu,1.0
M5,559,E,Glu->pyro-Glu,1.0
M5,560,E,Glu->pyro-Glu,1.0
M5,561,E,Glu->pyro-Glu,1.0
M5,562,E,Glu->pyro-Glu,1.0
M5,563,E,Glu->pyro-Glu,1.0
M5,564,E,Glu->pyro-Glu,1.0
M5,565,E,Glu->pyro-Glu,1.0
M5,566,E,Glu->pyro-Glu,1.0
M5,567,E,Glu->pyro-Glu,1.0
M5,568,E,Glu->pyro-Glu,1.0
M5,569,E,Glu->pyro-Glu,1.0
M5,570,E,Glu->pyro-Glu,1.0
M5,571,E,Glu->pyro-Glu,1.0
M5,572,E,Glu->pyro-Glu,1.0
M5,573,E,Glu->pyro-Glu,1.0
M5,574,E,Glu->pyro-Glu,1.0
M5,575,E,Glu->pyro-Glu,1.0
M5,576,E,Glu->pyro-Glu,1.0
M5,577,E,Glu->pyro-Glu,1.0
M5,578,E,Glu->pyro-Glu,1.0
M5,579,E,Glu->pyro-Glu,1.0
M5,580,E,Glu->pyro-Glu,1.0
M5,581,E,Glu->pyro-Glu,1.0
M5,582,E,Glu->pyro-Glu,1.0
M5,583,E,Glu->pyro-Glu,1.0
M5,584,E,Glu->pyro-Glu,1.0
M5,585,E,Glu->pyro-Glu,1.0
M5,586,E,Glu->pyro-Glu,1.0
M5,587,E,Glu->pyro-Glu,1.0
M5,588,E,Glu->pyro-Glu,1.0
M5,589,E,Glu->pyro-Glu,1.0
M5,590,E,Glu->pyro-Glu,1.0
M5,591,E,Glu->pyro-Glu,1.0
M5,592,E,Glu->pyro-Glu,1.0
M5,593,E,Glu->pyro-Glu,1.0
M5,594,E,Glu->pyro-Glu,1.0
M5,595,E,Glu->pyro-Glu,1.0
M5,596,E,Glu->pyro-Glu,1.0
M5,597,E,Glu->pyro-Glu,1.0
M5,598,E,Glu->pyro-Glu,1.0
M5,599,E,Glu->pyro-Glu,1.0
M5,600,E,Glu->pyro-Glu,1.0
M5,601,E,Glu->pyro-Glu,1.0
M5,602,E,Glu->pyro-Glu,1.0
M5,603,E,Glu->pyro-Glu,1.0
M5,604,E,Glu->pyro-Glu,1.0
M5,605,E,Glu->pyro-Glu,1.0
M5,606,E,Glu->pyro-Glu,1.0
M5,607,E,Glu->pyro-Glu,1.0
M5,608,E,Glu->pyro-Glu,1.0
M5,609,E,Glu->pyro-Glu,1.0
M5,610,E,Glu->pyro-Glu,1.0
M5,611,E,Glu->pyro-Glu,1.0
M5,612,E,Glu->pyro-Glu,1.0
M5,613,E,Glu->pyro-Glu,1.0
M5,614,E,Glu->pyro-Glu,1.0
M5,615,E,Glu->pyro-Glu,1.0
M5,616,E,Glu->pyro-Glu,1.0
M5,617,E,Glu->pyro-Glu,1.0
M5,618,E,Glu->pyro-Glu,1.0
M5,619,E,Glu->pyro-Glu,1.0
M5,620,E,Glu->pyro-Glu,1.0
M5,621,E,Glu->pyro-Glu,1.0
M5,622,E,Glu->pyro-Glu,1.0
M5,623,E,Glu->pyro-Glu,1.0
M5,624,E,Glu->pyro-Glu,1.0
M5,625,E,Glu->pyro-Glu,1.0
M5,626,E,Glu->pyro-Glu,1.0
M5,627,E,Glu->pyro-Glu,1.0
M5,628,E,Glu->pyro-Glu,1.0
M5,629,E,Glu->pyro-Glu,1.0
M5,630,E,Glu->pyro-Glu,1.0
M5,631,E,Glu->pyro-Glu,1.0
M5,632,E,Glu->pyro-Glu,1.0
M5,633,E,Glu->pyro-Glu,1.0
M5,634,E,Glu->pyro-Glu,1.0
M5,635,E,Glu->pyro-Glu,1.0
M5,636,E,Glu->pyro-Glu,1.0
M5,637,E,Glu->pyro-Glu,1.0
M5,638,E,Glu->pyro-Glu,1.0
M5,639,E,Glu->pyro-Glu,1.0
M5,640,E,Glu->pyro-Glu,1.0
M5,641,E,Glu->pyro-Glu,1.0
M5,642,E,Glu->pyro-Glu,1.0
M5,643,E,Glu->pyro-Glu,1.0
M5,644,E,Glu->pyro-Glu,1.0
M5,645,E,Glu->pyro-Glu,1.0
M5,646,E,Glu->pyro-Glu,1.0
M5,647,E,Glu->pyro-Glu,1.0
M5,648,E,Glu->pyro-Glu,1.0
M5,649,E,Glu->pyro-Glu,1.0
M5,650,E,Glu->pyro-Glu,1.0
M5,651,E,Glu->pyro-Glu,1.0
M5,652,E,Glu->pyro-Glu,1.0
M5,653,E,Glu->pyro-Glu,1.0
M5,654,E,Glu->pyro-Glu,1.0
M5,655,E,Glu->pyro-Glu,1.0
M5,656,E,Glu->pyro-Glu,1.0
M5,657,E,Glu->pyro-Glu,1.0
M5,658,E,Glu->pyro-Glu,1.0
M5,659,E,Glu->pyro-Glu,1.0
M5,660,E,Glu->pyro-Glu,1.0
M5,661,E,Glu->pyro-Glu,1.0
M5,662,E,Glu->pyro-Glu,1.0
M5,663,E,Glu->pyro-Glu,1.0
M5,664,E,Glu->pyro-Glu,1.0
M5,665,E,Glu->pyro-Glu,1.0
M5,666,E,Glu->pyro-Glu,1.0
M5,667,E,Glu->pyro-Glu,1.0
M5,668,E,Glu->pyro-Glu,1.0
M5,669,E,Glu->pyro-Glu,1.0
M5,670,E,Glu->pyro-Glu,1.0
M5,671,E,Glu->pyro-Glu,1.0
M5,672,E,Glu->pyro-Glu,1.0
M5,673,E,Glu->pyro-Glu,1.0
M5,674,E,Glu->pyro-Glu,1.0
M5,675,E,Glu->pyro-Glu,1.0
M5,676,E,Glu->pyro-Glu,1.0
M5,677,E,Glu->pyro-Glu,1.0
M5,678,E,Glu->pyro-Glu,1.0
M5,679,E,Glu->pyro-Glu,1.0
M5,680,E,Glu->pyro-Glu,1.0
M5,681,E,Glu->pyro-Glu,1.0
M5,682,E,Glu->pyro-Glu,1.0
M5,683,E,Glu->pyro-Glu,1.0
M5,684,E,Glu->pyro-Glu,1.0
M5,685,E,Glu->pyro-Glu,1.0
M5,686,E,Glu->pyro-Glu,1.0
M5,687,E,Glu->pyro-Glu,1.0
M5,688,E,Glu->pyro-Glu,1.0
M5,689,E,Glu->pyro-Glu,1.0
M5,690,E,Glu->pyro-Glu,1.0
M5,691,E,Glu->pyro-Glu,1.0
M5,692,E,Glu->pyro-Glu,1.0
M5,693,E,Glu->pyro-Glu,1.0
M5,694,E,Glu->pyro-Glu,1.0
M5,695,E,Glu->pyro-Glu,1.0
M5,696,E,Glu->pyro-Glu,1.0
M5,697,E,Glu->pyro-Glu,1.0
M5,698,E,Glu->pyro-Glu,1.0
M5,699,E,Glu->pyro-Glu,1.0
M5,700,E,Glu->pyro-Glu,1.0
M5,701,E,Glu->pyro-Glu,1.0
M5,702,E,Glu->pyro-Glu,1.0
M5,703,E,Glu->pyro-Glu,1.0
M5,704,E,Glu->pyro-Glu,1.0
M5,705,E,Glu->pyro-Glu,1.0
M5,706,E,Glu->pyro-Glu,1.0
M5,707,E,Glu->pyro-Glu,1.0
M5,708,E,Glu->pyro-Glu,1.0
M5,709,E,Glu->pyro-Glu,1.0
M5,710,E,Glu->pyro-Glu,1.0
M5,711,E,Glu->pyro-Glu,1.0
M5,712,E,Glu->pyro-Glu,1.0
M5,713,E,Glu->pyro-Glu,1.0
M5,714,E,Glu->pyro-Glu,1.0
M5,715,E,Glu->pyro-Glu,1.0
M5,716,E,Glu->pyro-Glu,1.0
M5,717,E,Glu->pyro-Glu,1.0
M5,718,E,Glu->pyro-Glu,1.0
M5,719,E,Glu->pyro-Glu,1.0
M5,720,E,Glu->pyro-Glu,1.0
M5,721,E,Glu->pyro-Glu,1.0
M5,722,E,Glu->pyro-Glu,1.0
M5,723,E,Glu->pyro-Glu,1.0
M5,724,E,Glu->pyro-Glu,1.0
M5,725,E,Glu->pyro-Glu,1.0
M5,726,E,Glu->pyro-Glu,1.0
M5,727,E,Glu->pyro-Glu,1.0
M5,728,E,Glu->pyro-Glu,1.0
M5,729,E,Glu->pyro-Glu,1.0
M5,730,E,Glu->pyro-Glu,1.0
M5,731,E,Glu->pyro-Glu,1.0
M5,732,E,Glu->pyro-Glu,1.0
M5,733,E,Glu->pyro-Glu,1.0
M5,734,E,Glu->pyro-Glu,1.0
M5,735,E,Glu->pyro-Glu,1.0
M5,736,E,Glu->pyro-Glu,1.0
M5,737,E,Glu->pyro-Glu,1.0
M5,738,E,Glu->pyro-Glu,1.0
M5,739,E,Glu->pyro-Glu,1.0
M5,740,E,Glu->pyro-Glu,1.0
M5,741,E,Glu->pyro-Glu,1.0
M5,742,E,Glu->pyro-Glu,1.0
M5,743,E,Glu->pyro-Glu,1.0
M5,744,E,Glu->pyro-Glu,1.0
M5,745,E,Glu->pyro-Glu,1.0
M5,746,E,Glu->pyro-Glu,1.0
M5,747,E,Glu->pyro-Glu,1.0
M5,748,E,Glu->pyro-Glu,1.0
M5,749,E,Glu->pyro-Glu,1.0
M5,750,E,Glu->pyro-Glu,1.0
M5,751,E,Glu->pyro-Glu,1.0
M5,752,E,Glu->pyro-Glu,1.0
M5,753,E,Glu->pyro-Glu,1.0
M5,754,E,Glu->pyro-Glu,1.0
M5,755,E,Glu->pyro-Glu,1.0
M5,756,E,Glu->pyro-Glu,1.0
M5,757,E,Glu->pyro-Glu,1.0
M5,758,E,Glu->pyro-Glu,1.0
M5,759,E,Glu->pyro-Glu,1.0
M5,760,E,Glu->pyro-Glu,1.0
M5,761,E,Glu->pyro-Glu,1.0
M5,762,E,Glu->pyro-Glu,1.0
M5,763,E,Glu->pyro-Glu,1.0
M5,764,E,Glu->pyro-Glu,1.0
M5,765,E,Glu->pyro-Glu,1.0
M5,766,E,Glu->pyro-Glu,1.0
M5,767,E,Glu->pyro-Glu,1.0
M5,768,E,Glu->pyro-Glu,1.0
M5,769,E,Glu->pyro-Glu,1.0
M5,770,E,Glu->pyro-Glu,1.0
M5,771,E,Glu->pyro-Glu,1.0
M5,772,E,Glu->pyro-Glu,1.0
M5,773,E,Glu->pyro-Glu,1.0
M5,774,E,Glu->pyro-Glu,1.0
M5,775,E,Glu->pyro-Glu,1.0
M5,776,E,Glu->pyro-Glu,1.0
M5,777,E,Glu->pyro-Glu,1.0
M5,778,E,Glu->pyro-Glu,1.0
M5,779,E,Glu->pyro-Glu,1.0
M5,780,E,Glu->pyro-Glu,1.0
M5,781,E,Glu->pyro-Glu,1.0
M5,782,E,Glu->pyro-Glu,1.0
M5,783,E,Glu->pyro-Glu,1.0
M5,784,E,Glu->pyro-Glu,1.0
M5,785,E,Glu->pyro-Glu,1.0
M5,786,E,Glu->pyro-Glu,1.0
M5,787,E,Glu->pyro-Glu,1.0
M5,788,E,Glu->pyro-Glu,1.0
M5,789,E,Glu->pyro-Glu,1.0
M5,790,E,Glu->pyro-Glu,1.0
M5,791,E,Glu->pyro-Glu,1.0
M5,792,E,Glu->pyro-Glu,1.0
M5,793,E,Glu->pyro-Glu,1.0
M5,794,E,Glu->pyro-Glu,1.0
M5,795,E,Glu->pyro-Glu,1.0
M5,796,E,Glu->pyro-Glu,1.0
M5,797,E,Glu->pyro-Glu,1.0
M5,798,E,Glu->pyro-Glu,1.0
M5,799,E,Glu->pyro-Glu,1.0
M5,800,E,Glu->pyro-Glu,1.0
M5,801,E,Glu->pyro-Glu,1.0
M5,802,E,Glu->pyro-Glu,1.0
M5,803,E,Glu->pyro-Glu,1.0
M5,804,E,Glu->pyro-Glu,1.0
M5,805,E,Glu->pyro-Glu,1.0
M5,806,E,Glu->pyro-Glu,1.0
M5,807,E,Glu->pyro-Glu,1.0
M5,808,E,Glu->pyro-Glu,1.0
M5,809,E,Glu->pyro-Glu,1.0
M5,810,E,Glu->pyro-Glu,1.0
M5,811,E,Glu->pyro-Glu,1.0
M5,812,E,Glu->pyro-Glu,1.0
M5,813,E,Glu->pyro-Glu,1.0
M5,814,E,Glu->pyro-Glu,1.0
M5,815,E,Glu->pyro-Glu,1.0
M5,816,E,Glu->pyro-Glu,1.0
M5,817,E,Glu->pyro-Glu,1.0
M5,818,E,Glu->pyro-Glu,1.0
M5,819,E,Glu->pyro-Glu,1.0
M5,820,E,Glu->pyro-Glu,1.0
M5,821,E,Glu->pyro-Glu,1.0
M5,822,E,Glu->pyro-Glu,1.0
M5,823,E,Glu->pyro-Glu,1.0
M5,824,E,Glu->pyro-Glu,1.0
M5,825,E,Glu->pyro-Glu,1.0
M5,826,E,Glu->pyro-Glu,1.0
M5,827,E,Glu->pyro-Glu,1.0
M5,828,E,Glu->pyro-Glu,1.0
M5,829,E,Glu->pyro-Glu,1.0
M5,830,E,Glu->pyro-Glu,1.0
M5,831,E,Glu->pyro-Glu,1.0
M5,832,E,Glu->pyro-Glu,1.0
M5,833,E,Glu->pyro-Glu,1.0
M5,834,E,Glu->pyro-Glu,1.0
M5,835,E,Glu->pyro-Glu,1.0
M5,836,E,Glu->pyro-Glu,1.0
M5,837,E,Glu->pyro-Glu,1.0
M5,838,E,Glu->pyro-Glu,1.0
M5,839,E,Glu->pyro-Glu,1.0
M5,840,E,Glu->pyro-Glu,1.0
M5,841,E,Glu->pyro-Glu,1.0
M5,842,E,Glu->pyro-Glu,1.0
M5,843,E,Glu->pyro-Glu,1.0
M5,844,E,Glu->pyro-Glu,1.0
M5,845,E,Glu->pyro-Glu,1.0
M5,846,E,Glu->pyro-Glu,1.0
M5,847,E,Glu->pyro-Glu,1.0
M5,848,E,Glu->pyro-Glu,1.0
M5,849,E,Glu->pyro-Glu,1.0
M5,850,E,Glu->pyro-Glu,1.0
M5,851,E,Glu->pyro-Glu,1.0
M5,852,E,Glu->pyro-Glu,1.0
M5,853,E,Glu->pyro-Glu,1.0
M5,854,E,Glu->pyro-Glu,1.0
M5,855,E,Glu->pyro-Glu,1.0
M5,856,E,Glu->pyro-Glu,1.0
M5,857,E,Glu->pyro-Glu,1.0
M5,858,E,Glu->pyro-Glu,1.0
M5,859,E,Glu->pyro-Glu,1.0
M5,860,E,Glu->pyro-Glu,1.0
M5,861,E,Glu->pyro-Glu,1.0
M5,862,E,Glu->pyro-Glu,1.0
M5,863,E,Glu->pyro-Glu,1.0
M5,864,E,Glu->pyro-Glu,1.0
M5,865,E,Glu->pyro-Glu,1.0
M5,866,E,Glu->pyro-Glu,1.0
M5,867,E,Glu->pyro-Glu,1.0
M5,868,E,Glu->pyro-Glu,1.0
M5,869,E,Glu->pyro-Glu,1.0
M5,870,E,Glu->pyro-Glu,1.0
M5,871,E,Glu->pyro-Glu,1.0
M5,872,E,Glu->pyro-Glu,1.0
M5,873,E,Glu->pyro-Glu,1.0
M5,874,E,Glu->pyro-Glu,1.0
M5,875,E,Glu->pyro-Glu,1.0
M5,876,E,Glu->pyro-Glu,1.0
M5,877,E,Glu->pyro-Glu,1.0
M5,878,E,Glu->pyro-Glu,1.0
M5,879,E,Glu->pyro-Glu,1.0
M5,880,E,Glu->pyro-Glu,1.0
M5,881,E,Glu->pyro-Glu,1.0
M5,882,E,Glu->pyro-Glu,1.0
M5,883,E,Glu->pyro-Glu,1.0
M5,884,E,Glu->pyro-Glu,1.0
M5,885,E,Glu->pyro-Glu,1.0
M5,886,E,Glu->pyro-Glu,1.0
M5,887,E,Glu->pyro-Glu,1.0
M5,888,E,Glu->pyro-Glu,1.0
M5,889,E,Glu->pyro-Glu,1.0
M5,890,E,Glu->pyro-Glu,1.0
M5,891,E,Glu->pyro-Glu,1.0
M5,892,E,Glu->pyro-Glu,1.0
M5,893,E,Glu->pyro-Glu,1.0
M5,894,E,Glu->pyro-Glu,1.0
M5,895,E,Glu->pyro-Glu,1.0
M5,896,E,Glu->pyro-Glu,1.0
M5,897,E,Glu->pyro-Glu,1.0
M5,898,E,Glu->pyro-Glu,1.0
M5,899,E,Glu->pyro-Glu,1.0
M5,900,E,Glu->pyro-Glu,1.0
M5,901,E,Glu->pyro-Glu,1.0
M5,902,E,Glu->pyro-Glu,1.0
M5,903,E,Glu->pyro-Glu,1.0
M5,904,E,Glu->pyro-Glu,1.0
M5,905,E,Glu->pyro-Glu,1.0
M5,906,E,Glu->pyro-Glu,1.0
M5,907,E,Glu->pyro-Glu,1.0
M5,908,E,Glu->pyro-Glu,1.0
M5,909,E,Glu->pyro-Glu,1.0
M5,910,E,Glu->pyro-Glu,1.0
M5,911,E,Glu->pyro-Glu,1.0
M5,912,E,Glu->pyro-Glu,1.0
M5,913,E,Glu->pyro-Glu,1.0
M5,914,E,Glu->pyro-Glu,1.0
M5,915,E,Glu->pyro-Glu,1.0
M5,916,E,Glu->pyro-Glu,1.0
M5,917,E,Glu->pyro-Glu,1.0
M5,918,E,Glu->pyro-Glu,1.0
M5,919,E,Glu->pyro-Glu,1.0
M5,920,E,Glu->pyro-Glu,1.0
M5,921,E,Glu->pyro-Glu,1.0
M5,922,E,Glu->pyro-Glu,1.0
M5,923,E,Glu->pyro-Glu,1.0
M5,924,E,Glu->pyro-Glu,1.0
M5,925,E,Glu->pyro-Glu,1.0
M5,926,E,Glu->pyro-Glu,1.0
M5,927,E,Glu->pyro-Glu,1.0
M5,928,E,Glu->pyro-Glu,1.0
M5,929,E,Glu->pyro-Glu,1.0
M5,930,E,Glu->pyro-Glu,1.0
M5,931,E,Glu->pyro-Glu,1.0
M5,932,E,Glu->pyro-Glu,1.0
M5,933,E,Glu->pyro-Glu,1.0
M5,934,E,Glu->pyro-Glu,1.0
M5,935,E,Glu->pyro-Glu,1.0
M5,936,E,Glu->pyro-Glu,1.0
M5,937,E,Glu->pyro-Glu,1.0
M5,938,E,Glu->pyro-Glu,1.0
M5,939,E,Glu->pyro-Glu,1.0
M5,940,E,Glu->pyro-Glu,1.0
M5,941,E,Glu->pyro-Glu,1.0
M5,942,E,Glu->pyro-Glu,1.0
M5,943,E,Glu->pyro-Glu,1.0
M5,944,E,Glu->pyro-Glu,1.0
M5,945,E,Glu->pyro-Glu,1.0
M5,946,E,Glu->pyro-Glu,1.0
M5,947,E,Glu->pyro-Glu,1.0
M5,948,E,Glu->pyro-Glu,1.0
M5,949,E,Glu->pyro-Glu,1.0
M5,950,E,Glu->pyro-Glu,1.0
M5,951,E,Glu->pyro-Glu,1.0
M5,952,E,Glu->pyro-Glu,1.0
M5,953,E,Glu->pyro-Glu,1.0
M5,954,E,Glu->pyro-Glu,1.0
M5,955,E,Glu->pyro-Glu,1.0
M5,956,E,Glu->pyro-Glu,1.0
M5,957,E,Glu->pyro-Glu,1.0
M5,958,E,Glu->pyro-Glu,1.0
M5,959,E,Glu->pyro-Glu,1.0
M5,960,E,Glu->pyro-Glu,1.0
M5,961,E,Glu->pyro-Glu,1.0
M5,962,E,Glu->pyro-Glu,1.0
M5,963,E,Glu->pyro-Glu,1.0
M5,964,E,Glu->pyro-Glu,1.0
M5,965,E,Glu->pyro-Glu,1.0
M5,966,E,Glu->pyro-Glu,1.0
M5,967,E,Glu->pyro-Glu,1.0
M5,968,E,Glu->pyro-Glu,1.0
M5,969,E,Glu->pyro-Glu,1.0
M5,970,E,Glu->pyro-Glu,1.0
M5,971,E,Glu->pyro-Glu,1.0
M5,972,E,Glu->pyro-Glu,1.0
M5,973,E,Glu->pyro-Glu,1.0
M5,974,E,Glu->pyro-Glu,1.0
M5,975,E,Glu->pyro-Glu,1.0
M5,976,E,Glu->pyro-Glu,1.0
M5,977,E,Glu->pyro-Glu,1.0
M5,978,E,Glu->pyro-Glu,1.0
M5,979,E,Glu->pyro-Glu,1.0
M5,980,E,Glu->pyro-Glu,1.0
M5,981,E,Glu->pyro-Glu,1.0
M5,982,E,Glu->pyro-Glu,1.0
M5,983,E,Glu->pyro-Glu,1.0
M5,984,E,Glu->pyro-Glu,1.0
M5,985,E,Glu->pyro-Glu,1.0
M5,986,E,Glu->pyro-Glu,1.0
M5,987,E,Glu->pyro-Glu,1.0
M5,988,E,Glu->pyro-Glu,1.0
M5,989,E,Glu->pyro-Glu,1.0
M5,990,E,Glu->pyro-Glu,1.0
M5,991,E,Glu->pyro-Glu,1.0
M5,992,E,Glu->pyro-Glu,1.0
M5,993,E,Glu->pyro-Glu,1.0
M5,994,E,Glu->pyro-Glu,1.0
M5,995,E,Glu->pyro-Glu,1.0
M5,996,E,Glu->pyro-Glu,1.0
M5,997,E,Glu->pyro-Glu,1.0
M5,998,E,Glu->pyro-Glu,1.0
M5,999,E,Glu->pyro-Glu,1.0
